cause_code,cause_name,age_group,both_sexes,male,female,male_female_ratio
30,Tuberculosis,0-28 days,0.0,0.0,0.0,
30,Tuberculosis,1-59 months,111867.92456162159,52742.1332904398,59125.7912711818,0.8920325995898608
30,Tuberculosis,5-14,27869.82497832,12160.881016903,15708.943961417,0.7741373988456222
30,Tuberculosis,15-29,94107.8547872715,54881.697469672,39226.1573175995,1.3991097069569027
30,Tuberculosis,30-49,280463.78724904,184497.264296018,95966.522953022,1.9225169217221094
30,Tuberculosis,50-59,243990.638422267,157583.832346027,86406.80607624,1.823743284840141
30,Tuberculosis,60-69,256542.392969073,161312.769853974,95229.623115099,1.6939347713158939
30,Tuberculosis,70+,380130.654654694,212409.829437663,167720.825217031,1.2664487499557933
40,STDs excluding HIV,0-28 days,42624.9292417844,22448.5575923181,20176.3716494663,1.112616182053323
40,STDs excluding HIV,1-59 months,21277.00179086184,13301.875072376,7975.12671848584,1.667920215178913
40,STDs excluding HIV,5-14,621.32602982099,309.570862224284,311.755167596706,0.9929935231250195
40,STDs excluding HIV,15-29,973.065087588923,123.043496155622,850.021591433301,0.14475337732085938
40,STDs excluding HIV,30-49,1824.474215340119,390.845261777979,1433.62895356214,0.272626512464641
40,STDs excluding HIV,50-59,1312.887938944213,215.772725040453,1097.11521390376,0.19667280364537976
40,STDs excluding HIV,60-69,1007.5654887608689,267.274077113998,740.291411646871,0.36103900830000624
40,STDs excluding HIV,70+,2119.469149142825,554.942631337775,1564.52651780505,0.35470324409478904
100,HIV/AIDS,0-28 days,4264.5591025076,2244.47233230746,2020.08677020014,1.111077190058073
100,HIV/AIDS,1-59 months,63354.2060531843,32115.0098074359,31239.1962457484,1.0280357264891762
100,HIV/AIDS,5-14,22463.532216697,11091.03382524,11372.498391457,0.9752504193424695
100,HIV/AIDS,15-29,85409.66930815,41280.369706683,44129.299601467,0.9354413072377589
100,HIV/AIDS,30-49,321662.84393291397,187966.432926523,133696.411006391,1.405919811247123
100,HIV/AIDS,50-59,102118.199584479,62361.355790378,39756.843794101,1.5685690773982162
100,HIV/AIDS,60-69,35873.276727196004,21631.227973277,14242.048753919,1.5188283895829744
100,HIV/AIDS,70+,11802.917380607,7037.477749063,4765.439631544,1.4767740844894224
110,Diarrhoeal diseases,0-28 days,30868.564902046004,17157.2342603577,13711.3306416883,1.2513179580246123
110,Diarrhoeal diseases,1-59 months,393246.707713879,215145.866670637,178100.841043242,1.2080002846162903
110,Diarrhoeal diseases,5-14,52367.494218378895,27538.9222759245,24828.5719424544,1.109162554324587
110,Diarrhoeal diseases,15-29,37756.0766880657,18770.3671374519,18985.7095506138,0.9886576578774777
110,Diarrhoeal diseases,30-49,66464.2443645736,37640.0445018929,28824.1998626807,1.3058487202146507
110,Diarrhoeal diseases,50-59,71902.504409458,34891.4729640217,37011.0314454363,0.9427317100162589
110,Diarrhoeal diseases,60-69,131688.1916673027,55476.0021887168,76212.1894785859,0.7279150824594068
110,Diarrhoeal diseases,70+,453906.927148224,165399.868105501,288507.059042723,0.5732957406806746
120,Childhood-cluster diseases,0-28 days,7696.781731910411,4287.9839371679,3408.79779474251,1.2579167775165148
120,Childhood-cluster diseases,1-59 months,117883.4888700511,62930.0382294634,54953.4506405877,1.1451517146947698
120,Childhood-cluster diseases,5-14,24447.0131420606,10868.2863568073,13578.7267852533,0.8003906793831673
120,Childhood-cluster diseases,15-29,4856.09622419136,2689.73817558986,2166.3580486015,1.2415944711107336
120,Childhood-cluster diseases,30-49,4184.18978516626,2564.46309196602,1619.72669320024,1.5832690186139853
120,Childhood-cluster diseases,50-59,2642.73312140154,1597.37068668118,1045.36243472036,1.5280544179000322
120,Childhood-cluster diseases,60-69,1929.173936445236,1056.38565082237,872.788285622866,1.2103572747524671
120,Childhood-cluster diseases,70+,2267.34108604012,1134.03881724888,1133.30226879124,1.0006499135119755
170,Meningitis,0-28 days,15623.08792100682,9002.86513718015,6620.22278382667,1.3599036514563105
170,Meningitis,1-59 months,66091.63478922441,36585.9641992773,29505.6705899471,1.2399638261989725
170,Meningitis,5-14,35849.0611702354,18256.4169380508,17592.6442321846,1.037730127268297
170,Meningitis,15-29,20663.222966576162,10745.8349547351,9917.38801184106,1.0835347918126124
170,Meningitis,30-49,26274.6400317298,15265.964452422,11008.6755793078,1.3867212583788295
170,Meningitis,50-59,15970.98126579426,7872.78660964558,8098.19465614868,0.9721656423346213
170,Meningitis,60-69,14308.6892373496,6208.09684963292,8100.59238771668,0.766375661494406
170,Meningitis,70+,23129.55098512365,9669.94512462835,13459.6058604953,0.7184419235492016
180,Encephalitis,0-28 days,1517.4626440711208,518.39137595663,999.071268114491,0.5188732701071168
180,Encephalitis,1-59 months,13703.20736092816,6650.09103190739,7053.11632902077,0.9428585495669353
180,Encephalitis,5-14,9458.47394358004,5024.91844115977,4433.55550242027,1.1333834522691044
180,Encephalitis,15-29,6692.97651043843,3427.49769774893,3265.4788126895,1.0496156595565196
180,Encephalitis,30-49,9451.96069848075,5157.01200687381,4294.94869160694,1.200715625998394
180,Encephalitis,50-59,6839.51778741858,2942.10656219561,3897.41122522297,0.7548873834906381
180,Encephalitis,60-69,10310.98743856795,4214.48238445066,6096.50505411729,0.691294823352012
180,Encephalitis,70+,22321.30803790595,8485.45103088295,13835.857007023,0.6132942127528338
185,Hepatitis,0-28 days,0.0,0.0,0.0,
185,Hepatitis,1-59 months,12212.38863143979,6435.52598269323,5776.86264874656,1.114017482151767
185,Hepatitis,5-14,7108.42593326233,4042.232671547,3066.19326171533,1.3183228604728068
185,Hepatitis,15-29,8945.22027754198,4828.3960260724,4116.82425146958,1.1728448267736495
185,Hepatitis,30-49,16020.908691216158,9909.39803116359,6111.51066005257,1.6214318492374766
185,Hepatitis,50-59,12869.90087856028,7305.58294167294,5564.31793688734,1.3129341321857784
185,Hepatitis,60-69,13556.7352116608,7777.70277517903,5779.03243648177,1.3458486105874905
185,Hepatitis,70+,17402.88242650906,7904.3837579467,9498.49866856236,0.8321719077677212
210,Parasitic and vector diseases,0-28 days,274.6545348409161,185.203086630992,89.4514482099241,2.070431394205699
210,Parasitic and vector diseases,1-59 months,469598.003400479,236761.756590303,232836.246810176,1.0168595303948846
210,Parasitic and vector diseases,5-14,58136.908942755195,32617.5273384029,25519.3816043523,1.2781472468298376
210,Parasitic and vector diseases,15-29,38741.6306477832,23137.9497863401,15603.6808614431,1.4828520265057636
210,Parasitic and vector diseases,30-49,53301.6434131126,30252.9014197831,23048.7419933295,1.312561936288694
210,Parasitic and vector diseases,50-59,34961.6960964575,17712.0720453065,17249.624051151,1.0268091636538967
210,Parasitic and vector diseases,60-69,34328.1379824739,16322.4763861463,18005.6615963276,0.9065191133812822
210,Parasitic and vector diseases,70+,37727.848970786305,15984.9339326074,21742.9150381789,0.7351789723015095
330,Intestinal nematode infections,0-28 days,0.0,0.0,0.0,
330,Intestinal nematode infections,1-59 months,2601.7667681480098,1274.97456059426,1326.79220755375,0.9609451678533538
330,Intestinal nematode infections,5-14,812.895336430768,384.72747944608,428.167856984688,0.8985435809111624
330,Intestinal nematode infections,15-29,67.4590603024806,34.8687063527525,32.5903539497281,1.0699087959136266
330,Intestinal nematode infections,30-49,75.9526347586903,43.7647005018201,32.1879342568702,1.3596616717482872
330,Intestinal nematode infections,50-59,46.1937480408243,23.4809764128227,22.7127716280016,1.033822590981103
330,Intestinal nematode infections,60-69,54.0445366999272,25.2140826732036,28.8304540267236,0.8745641899996475
330,Intestinal nematode infections,70+,98.7188885747897,39.2045556157969,59.5143329589928,0.6587414101206517
365,Leprosy,0-28 days,0.0,0.0,0.0,
365,Leprosy,1-59 months,0.0,0.0,0.0,
365,Leprosy,5-14,0.393445600577214,0.393445600577214,0.0,
365,Leprosy,15-29,11.949708795719129,9.09153298974468,2.85817580597445,3.1808865538434103
365,Leprosy,30-49,35.451678934385,24.1533198834152,11.2983590509698,2.1377723768959163
365,Leprosy,50-59,39.1051830615344,31.1241305521946,7.9810525093398,3.89975263485257
365,Leprosy,60-69,40.5835014661868,29.6559506286347,10.9275508375521,2.7138698386763105
365,Leprosy,70+,101.36907677999821,72.9168934331828,28.4521833468154,2.5627872752107885
370,Other infectious diseases,0-28 days,7105.97116420792,4176.59359251028,2929.37757169764,1.4257614425885874
370,Other infectious diseases,1-59 months,56006.8505392362,32369.1910677014,23637.6594715348,1.3693907007451978
370,Other infectious diseases,5-14,39252.9420546975,21026.3445384771,18226.5975162204,1.1536077712675181
370,Other infectious diseases,15-29,13712.640658599928,8080.40840056779,5632.23225803214,1.4346724407617069
370,Other infectious diseases,30-49,25844.41289216339,16405.263208803,9439.14968336039,1.7380022310402259
370,Other infectious diseases,50-59,25075.144788023,14281.3043916773,10793.8403963457,1.3230976063452167
370,Other infectious diseases,60-69,43113.0068508013,23884.0590162941,19228.9478345072,1.2420887103054645
370,Other infectious diseases,70+,175597.7876145094,79302.7412279279,96295.0463865815,0.8235391559973179
390,Lower respiratory infections,0-28 days,187610.5631295651,104213.444865031,83397.1182645341,1.249604866854846
390,Lower respiratory infections,1-59 months,505424.189097708,276031.538412377,229392.650685331,1.2033146554072598
390,Lower respiratory infections,5-14,66968.11021788711,32749.9113156954,34218.1989021917,0.9570904479603614
390,Lower respiratory infections,15-29,42421.1720227585,22720.5232171573,19700.6488056012,1.1532880689034721
390,Lower respiratory infections,30-49,118935.7168847243,74871.1610952384,44064.5557894859,1.6991243813492196
390,Lower respiratory infections,50-59,139329.5865933637,81102.7379863747,58226.848606989,1.3928752787874545
390,Lower respiratory infections,60-69,263125.924731731,142751.953902722,120373.970829009,1.1859038371800568
390,Lower respiratory infections,70+,1129860.080760613,538961.079136267,590899.001624346,0.9121035534917054
395,COVID-19,0-28 days,84.3093541386003,44.8510881174122,39.4582660211881,1.1366715428733816
395,COVID-19,1-59 months,17259.13713788128,9170.68980802001,8088.44732986127,1.1338010169347672
395,COVID-19,5-14,26574.0666217361,15704.45685375,10869.6097679861,1.4448041087918184
395,COVID-19,15-29,137994.0676529195,83193.3296266327,54800.7380262868,1.5181060077462194
395,COVID-19,30-49,1033469.919077208,694102.504687343,339367.414389865,2.045283298442904
395,COVID-19,50-59,1149551.664883607,762668.229418689,386883.435464918,1.9713126991394458
395,COVID-19,60-69,1991434.8304493078,1268397.33929446,723037.491154848,1.7542621991406748
395,COVID-19,70+,4365530.9022482205,2354863.46248799,2010667.43976023,1.1711849587462386
400,Upper respiratory infections,0-28 days,400.113103819647,186.491503077113,213.621600742534,0.8729992773618461
400,Upper respiratory infections,1-59 months,9694.802744621029,5135.4890548295,4559.31368979153,1.1263732667326767
400,Upper respiratory infections,5-14,2469.55898606181,1141.58941695004,1327.96956911177,0.859650283788963
400,Upper respiratory infections,15-29,674.7455885821489,305.173537547636,369.572051034513,0.8257484208921874
400,Upper respiratory infections,30-49,1366.1996943656818,800.906148034571,565.293546331111,1.4167969070806514
400,Upper respiratory infections,50-59,1055.8339225484751,604.59955635228,451.234366196195,1.3398792327120812
400,Upper respiratory infections,60-69,1261.020059371212,626.31470887914,634.705350492072,0.9867802570020453
400,Upper respiratory infections,70+,4242.65623762964,1818.01171145263,2424.64452617701,0.7498054629554827
410,Otitis media,0-28 days,5.76372459598187,3.95011597575101,1.81360862023086,2.178042126447429
410,Otitis media,1-59 months,189.18774858549472,116.579860070084,72.6078885154107,1.6056087355486233
410,Otitis media,5-14,45.2586657624624,22.7904607658022,22.4682049966602,1.014342746525141
410,Otitis media,15-29,47.901964365605195,30.0273412612301,17.8746231043751,1.6798866798976269
410,Otitis media,30-49,72.1713423544291,52.7466083108152,19.4247340436139,2.715435289481157
410,Otitis media,50-59,65.86767684764709,27.3115988770084,38.5560779706387,0.7083604016416499
410,Otitis media,60-69,82.8650235977848,41.8558994476671,41.0091241501177,1.0206484609242006
410,Otitis media,70+,226.837732178909,102.648692941069,124.18903923784,0.8265519531436416
500,Preterm birth complications,0-28 days,881082.3804096,488043.161642594,393039.218767006,1.2417161910041001
500,Preterm birth complications,1-59 months,53041.5438025188,29588.7653404553,23452.7784620635,1.2616315541596568
500,Preterm birth complications,5-14,6.11315176247494,3.57114496715185,2.54200679532309,1.4048526438726363
500,Preterm birth complications,15-29,9.57490009658252,6.24199103922153,3.33290905736099,1.8728356915216768
500,Preterm birth complications,30-49,5.67076972376294,4.58936851524715,1.08140120851579,4.243909179226832
500,Preterm birth complications,50-59,3.07287611661798,0.0,3.07287611661798,0.0
500,Preterm birth complications,60-69,0.0,0.0,0.0,
500,Preterm birth complications,70+,1.03206770948285,1.03206770948285,0.0,
510,Birth asphyxia and birth trauma,0-28 days,563696.3674231101,312921.98654468,250774.38087843,1.2478227857588764
510,Birth asphyxia and birth trauma,1-59 months,29272.2600347485,16474.4857241163,12797.7743106322,1.287293034260617
510,Birth asphyxia and birth trauma,5-14,40.1040395214431,22.604520923533,17.4995185979101,1.2917224435095356
510,Birth asphyxia and birth trauma,15-29,41.8372322888087,27.2432975330442,14.5939347557645,1.8667547847083041
510,Birth asphyxia and birth trauma,30-49,27.13306642254576,17.4893284262967,9.64373799624906,1.8135424700566514
510,Birth asphyxia and birth trauma,50-59,21.08522849317907,11.5801548715944,9.50507362158467,1.2183130118316514
510,Birth asphyxia and birth trauma,60-69,15.174105804700899,12.9438014503023,2.2303043543986,5.80360318302503
510,Birth asphyxia and birth trauma,70+,35.9868022454678,11.131165593922,24.8556366515458,0.4478326485847523
520,Neonatal sepsis and infections,0-28 days,171951.9170410954,95587.8557920346,76364.0612490608,1.25173876596578
520,Neonatal sepsis and infections,1-59 months,264.41422654037,143.302757377732,121.111469162638,1.1832302784246949
520,Neonatal sepsis and infections,5-14,53.7502014879972,24.1807016580564,29.5694998299408,0.8177582237482443
520,Neonatal sepsis and infections,15-29,53.8255884837316,32.4076456447982,21.4179428389334,1.5131072992634844
520,Neonatal sepsis and infections,30-49,37.2962767589081,21.7699031126575,15.5263736462506,1.4021241281871781
520,Neonatal sepsis and infections,50-59,30.0096416068023,15.6141874029767,14.3954542038256,1.0846609757424133
520,Neonatal sepsis and infections,60-69,38.06359552946231,29.4974159527913,8.56617957667101,3.4434739184226384
520,Neonatal sepsis and infections,70+,41.8160344341445,24.644262890194,17.1717715439505,1.4351613534525511
530,Other neonatal conditions,0-28 days,196217.7630945092,109189.121779273,87028.6413152362,1.2546343379505012
530,Other neonatal conditions,1-59 months,30746.146392426897,17589.978907867,13156.1674845599,1.3370139083825612
530,Other neonatal conditions,5-14,0.0,0.0,0.0,
530,Other neonatal conditions,15-29,0.0,0.0,0.0,
530,Other neonatal conditions,30-49,0.0,0.0,0.0,
530,Other neonatal conditions,50-59,0.0,0.0,0.0,
530,Other neonatal conditions,60-69,0.0,0.0,0.0,
530,Other neonatal conditions,70+,0.0,0.0,0.0,
550,Protein-energy malnutrition,0-28 days,0.0,0.0,0.0,
550,Protein-energy malnutrition,1-59 months,69400.0658051706,35881.7798424697,33518.2859627009,1.0705135663082204
550,Protein-energy malnutrition,5-14,10121.57452043271,4745.86153521581,5375.7129852169,0.8828338767837554
550,Protein-energy malnutrition,15-29,4015.83888109247,1994.60211853713,2021.23676255534,0.9868226006415314
550,Protein-energy malnutrition,30-49,7679.748152836621,4283.95042534422,3395.7977274924,1.2615446410901716
550,Protein-energy malnutrition,50-59,7351.80699612605,4135.04694915613,3216.76004696992,1.2854695062042956
550,Protein-energy malnutrition,60-69,12734.68556379801,6247.12910943134,6487.55645436667,0.9629402307900532
550,Protein-energy malnutrition,70+,85251.5685911415,34728.3623484358,50523.2062427057,0.687374474644505
560,Iodine deficiency,0-28 days,0.0,0.0,0.0,
560,Iodine deficiency,1-59 months,0.0,0.0,0.0,
560,Iodine deficiency,5-14,0.0,0.0,0.0,
560,Iodine deficiency,15-29,1.35235414115078,0.0,1.35235414115078,0.0
560,Iodine deficiency,30-49,0.318737364772716,0.0,0.318737364772716,0.0
560,Iodine deficiency,50-59,1.01076166807465,0.0,1.01076166807465,0.0
560,Iodine deficiency,60-69,3.57164719959896,1.10935848961346,2.4622887099855,0.4505395671574162
560,Iodine deficiency,70+,21.640913199384748,9.17954101800955,12.4613721813752,0.736639664107723
570,Vitamin A deficiency,0-28 days,0.0,0.0,0.0,
570,Vitamin A deficiency,1-59 months,0.0,0.0,0.0,
570,Vitamin A deficiency,5-14,0.0,0.0,0.0,
570,Vitamin A deficiency,15-29,0.422030050339791,0.0,0.422030050339791,0.0
570,Vitamin A deficiency,30-49,0.0,0.0,0.0,
570,Vitamin A deficiency,50-59,1.03632189538793,1.03632189538793,0.0,
570,Vitamin A deficiency,60-69,0.432205149409164,0.0,0.432205149409164,0.0
570,Vitamin A deficiency,70+,7.9314976216006094,1.12897435382733,6.80252326777328,0.1659640561871809
580,Iron-deficiency anaemia,0-28 days,0.0,0.0,0.0,
580,Iron-deficiency anaemia,1-59 months,0.0,0.0,0.0,
580,Iron-deficiency anaemia,5-14,70.9956960512913,37.0549744780333,33.940721573258,1.091755648095267
580,Iron-deficiency anaemia,15-29,437.28396201847,234.219876682554,203.064085335916,1.1534283686605584
580,Iron-deficiency anaemia,30-49,1250.926850726875,633.879362197169,617.047488529706,1.0272780847185194
580,Iron-deficiency anaemia,50-59,1373.569811077034,746.772519322378,626.797291754656,1.1914099329176477
580,Iron-deficiency anaemia,60-69,2547.72153649371,1404.0402201628,1143.68131633091,1.2276498707412289
580,Iron-deficiency anaemia,70+,19698.668038431242,7635.37353290174,12063.2945055295,0.632942645095988
590,Other nutritional deficiencies,0-28 days,0.0,0.0,0.0,
590,Other nutritional deficiencies,1-59 months,2233.753792779209,943.974544428839,1289.77924835037,0.7318884573745346
590,Other nutritional deficiencies,5-14,760.851106865426,315.667587038332,445.183519827094,0.7090729395394846
590,Other nutritional deficiencies,15-29,1740.192725873186,405.454911092836,1334.73781478035,0.30377120255603113
590,Other nutritional deficiencies,30-49,2999.407132801585,851.066246956365,2148.34088584522,0.39615046781625196
590,Other nutritional deficiencies,50-59,3315.5125584929,1039.63083355734,2275.88172493556,0.45680354219056635
590,Other nutritional deficiencies,60-69,5314.6157691041,1991.96077821384,3322.65499089026,0.5995087614197709
590,Other nutritional deficiencies,70+,18367.626654158892,7308.98202532739,11058.6446288315,0.6609292793686314
620,Mouth and oropharynx cancers,0-28 days,0.0,0.0,0.0,
620,Mouth and oropharynx cancers,1-59 months,0.0,0.0,0.0,
620,Mouth and oropharynx cancers,5-14,968.997344249,600.424660775,368.572683474,1.629053610581413
620,Mouth and oropharynx cancers,15-29,5480.34533069593,3403.01963178432,2077.32569891161,1.6381733656726492
620,Mouth and oropharynx cancers,30-49,59062.700778855,43206.124477928,15856.576300927,2.7248079066981252
620,Mouth and oropharynx cancers,50-59,100089.614717066,75466.290717144,24623.323999922,3.064829537936595
620,Mouth and oropharynx cancers,60-69,118566.55234076199,88202.530294516,30364.022046246,2.9048368546228467
620,Mouth and oropharynx cancers,70+,124617.098577639,80588.729511335,44028.369066304,1.8303818928648787
630,Oesophagus cancer,0-28 days,0.0,0.0,0.0,
630,Oesophagus cancer,1-59 months,0.0,0.0,0.0,
630,Oesophagus cancer,5-14,27.406487675,22.294477051,5.112010624,4.361195367304464
630,Oesophagus cancer,15-29,1426.950777396,832.742062465,594.208714931,1.4014302408232076
630,Oesophagus cancer,30-49,37143.344752464,27758.819824855,9384.524927609,2.957935541647863
630,Oesophagus cancer,50-59,98060.45828185,77231.560529769,20828.897752081,3.707904347557367
630,Oesophagus cancer,60-69,146193.65390616702,111431.211475763,34762.442430404,3.2055058184951584
630,Oesophagus cancer,70+,237189.780950471,163297.692509502,73892.088440969,2.209948263134523
640,Stomach cancer,0-28 days,0.0,0.0,0.0,
640,Stomach cancer,1-59 months,0.0,0.0,0.0,
640,Stomach cancer,5-14,86.308114011,63.968507446,22.339606565,2.8634572081596548
640,Stomach cancer,15-29,4492.04033489102,2398.64181805961,2093.39851683141,1.1458123232504338
640,Stomach cancer,30-49,68901.216858449,44146.210332464,24755.006525985,1.7833245281565289
640,Stomach cancer,50-59,140415.332157577,99201.520251796,41213.811905781,2.4069969669047073
640,Stomach cancer,60-69,219533.96490850498,152360.753496384,67173.211412121,2.268177303026656
640,Stomach cancer,70+,423268.474957196,261178.776735609,162089.698221587,1.6113224936637298
650,Colon and rectum cancers,0-28 days,0.0,0.0,0.0,
650,Colon and rectum cancers,1-59 months,0.0,0.0,0.0,
650,Colon and rectum cancers,5-14,125.455299904,88.585009001,36.870290903,2.402612152804907
650,Colon and rectum cancers,15-29,6466.20380559966,3919.5366460422,2546.66715955746,1.5390847725555572
650,Colon and rectum cancers,30-49,73900.18594177501,43161.960789803,30738.225151972,1.4041786920489767
650,Colon and rectum cancers,50-59,134942.272915309,80085.018799973,54857.254115336,1.4598801943603712
650,Colon and rectum cancers,60-69,219537.98208601697,131673.120410418,87864.861675599,1.49858678315071
650,Colon and rectum cancers,70+,519448.993891235,269432.743895583,250016.249995652,1.0776609276407778
660,Liver cancer,0-28 days,0.0,0.0,0.0,
660,Liver cancer,1-59 months,0.6842761559999999,0.3046752,0.379600956,0.8026196857101697
660,Liver cancer,5-14,861.020068398,523.321580601,337.698487797,1.5496710808950478
660,Liver cancer,15-29,5589.68868409492,3804.2794433889,1785.40924070602,2.1307604758920933
660,Liver cancer,30-49,73235.85605593001,57158.196415789,16077.659640141,3.5551316357688316
660,Liver cancer,50-59,119528.94520147801,88682.513888019,30846.431313459,2.8749683549073892
660,Liver cancer,60-69,161605.860768936,110273.689676005,51332.171092931,2.1482373982656444
660,Liver cancer,70+,240690.119064302,139960.81894083,100729.300123472,1.3894747483529497
670,Pancreas cancer,0-28 days,0.0,0.0,0.0,
670,Pancreas cancer,1-59 months,0.0,0.0,0.0,
670,Pancreas cancer,5-14,23.189737422,16.196597738,6.993139684,2.316069529550098
670,Pancreas cancer,15-29,919.171609962172,525.030687677367,394.140922284805,1.3320887479376766
670,Pancreas cancer,30-49,25137.701642166,16915.156281723,8222.545360443,2.0571678890454517
670,Pancreas cancer,50-59,66179.891557724,41683.983761381,24495.907796343,1.701671320284934
670,Pancreas cancer,60-69,122423.381184649,70670.145916729,51753.23526792,1.3655213157376256
670,Pancreas cancer,70+,260999.82245876399,125010.372035532,135989.450423232,0.9192652198127836
680,"Trachea, bronchus, lung cancers",0-28 days,0.0,0.0,0.0,
680,"Trachea, bronchus, lung cancers",1-59 months,0.0,0.0,0.0,
680,"Trachea, bronchus, lung cancers",5-14,121.636691807,84.735617981,36.901073826,2.296291386547576
680,"Trachea, bronchus, lung cancers",15-29,4451.70682156876,2986.71703632835,1464.98978524041,2.038728915668323
680,"Trachea, bronchus, lung cancers",30-49,87129.631404545,56556.767206659,30572.864197886,1.8499008414975295
680,"Trachea, bronchus, lung cancers",50-59,277987.373376441,191455.925194863,86531.448181578,2.2125588929600597
680,"Trachea, bronchus, lung cancers",60-69,532293.476776341,363637.29659024,168656.180186101,2.156086401275009
680,"Trachea, bronchus, lung cancers",70+,955348.404975609,606458.787921224,348889.617054385,1.7382540444781682
690,Melanoma and other skin cancers,0-28 days,0.0,0.0,0.0,
690,Melanoma and other skin cancers,1-59 months,0.0,0.0,0.0,
690,Melanoma and other skin cancers,5-14,394.66163198799995,216.448189886,178.213442102,1.2145446905296653
690,Melanoma and other skin cancers,15-29,1228.06454592205,687.515853004245,540.548692917805,1.2718851456158964
690,Melanoma and other skin cancers,30-49,10542.597520854,5851.488128157,4691.109392697,1.2473569977426764
690,Melanoma and other skin cancers,50-59,16908.406446636,9690.609510405,7217.796936231,1.3425993549030568
690,Melanoma and other skin cancers,60-69,26669.046895052998,15806.235830393,10862.81106466,1.4550778556588775
690,Melanoma and other skin cancers,70+,76479.680433378,41497.350060048,34982.33037333,1.1862374409363234
700,Breast cancer,0-28 days,0.0,0.0,0.0,
700,Breast cancer,1-59 months,0.0,0.0,0.0,
700,Breast cancer,5-14,31.725783214,0.0,31.725783214,0.0
700,Breast cancer,15-29,7185.83867538344,92.250867214,7093.58780816944,0.013004824879697388
700,Breast cancer,30-49,134602.117512253,1404.683421614,133197.434090639,0.010545874484775229
700,Breast cancer,50-59,160110.19283149298,2479.908819635,157630.284011858,0.015732438948396772
700,Breast cancer,60-69,157201.52256638597,3388.836913013,153812.685653373,0.022032232898201692
700,Breast cancer,70+,245556.827571424,4825.390994563,240731.436576861,0.020044706512696544
710,Cervix uteri cancer,0-28 days,0.0,0.0,0.0,
710,Cervix uteri cancer,1-59 months,0.0,0.0,0.0,
710,Cervix uteri cancer,5-14,20.773193457,0.0,20.773193457,0.0
710,Cervix uteri cancer,15-29,5519.70908459046,0.0,5519.70908459046,0.0
710,Cervix uteri cancer,30-49,85264.363616034,0.0,85264.363616034,0.0
710,Cervix uteri cancer,50-59,90448.964574563,0.0,90448.964574563,0.0
710,Cervix uteri cancer,60-69,80077.336113135,0.0,80077.336113135,0.0
710,Cervix uteri cancer,70+,77374.489545492,0.0,77374.489545492,0.0
720,Corpus uteri cancer,0-28 days,0.0,0.0,0.0,
720,Corpus uteri cancer,1-59 months,0.0,0.0,0.0,
720,Corpus uteri cancer,5-14,5.673377059,0.0,5.673377059,0.0
720,Corpus uteri cancer,15-29,276.97920992,0.0,276.97920992,0.0
720,Corpus uteri cancer,30-49,6299.126379251,0.0,6299.126379251,0.0
720,Corpus uteri cancer,50-59,15360.998211111,0.0,15360.998211111,0.0
720,Corpus uteri cancer,60-69,28152.482405884,0.0,28152.482405884,0.0
720,Corpus uteri cancer,70+,48418.459165035,0.0,48418.459165035,0.0
730,Ovary cancer,0-28 days,0.0,0.0,0.0,
730,Ovary cancer,1-59 months,0.0,0.0,0.0,
730,Ovary cancer,5-14,433.649010963,0.0,433.649010963,0.0
730,Ovary cancer,15-29,2798.8082199797,0.0,2798.8082199797,0.0
730,Ovary cancer,30-49,25343.42074384,0.0,25343.42074384,0.0
730,Ovary cancer,50-59,43236.824007488,0.0,43236.824007488,0.0
730,Ovary cancer,60-69,51769.8976383,0.0,51769.8976383,0.0
730,Ovary cancer,70+,68040.186943457,0.0,68040.186943457,0.0
740,Prostate cancer,0-28 days,0.0,0.0,0.0,
740,Prostate cancer,1-59 months,0.0,0.0,0.0,
740,Prostate cancer,5-14,6.254246375,6.254246375,0.0,
740,Prostate cancer,15-29,432.171469194,432.171469194,0.0,
740,Prostate cancer,30-49,2641.186709698,2641.186709698,0.0,
740,Prostate cancer,50-59,15800.120197819,15800.120197819,0.0,
740,Prostate cancer,60-69,69663.223750968,69663.223750968,0.0,
740,Prostate cancer,70+,307354.056623386,307354.056623386,0.0,
742,Testicular cancer,0-28 days,0.0,0.0,0.0,
742,Testicular cancer,1-59 months,0.836193594,0.836193594,0.0,
742,Testicular cancer,5-14,162.792611142,162.792611142,0.0,
742,Testicular cancer,15-29,2640.1850031441,2640.1850031441,0.0,
742,Testicular cancer,30-49,4048.594706314,4048.594706314,0.0,
742,Testicular cancer,50-59,1257.994977055,1257.994977055,0.0,
742,Testicular cancer,60-69,1038.233829212,1038.233829212,0.0,
742,Testicular cancer,70+,1576.406780058,1576.406780058,0.0,
745,Kidney cancer,0-28 days,22.7174929811627,13.7573656702331,8.9601273109296,1.5353984595120438
745,Kidney cancer,1-59 months,2803.8758381154403,1454.28936135424,1349.5864767612,1.0775814565394215
745,Kidney cancer,5-14,2059.027222227,1037.147409558,1021.879812669,1.0149406972324106
745,Kidney cancer,15-29,1093.62425028505,610.045310388245,483.578939896805,1.2615216670073095
745,Kidney cancer,30-49,10198.350250586,7179.236813096,3019.11343749,2.3779288064991033
745,Kidney cancer,50-59,22300.920430984,16209.298464675,6091.621966309,2.66091667446272
745,Kidney cancer,60-69,37981.518310667,26012.434078436,11969.084232231,2.173301948062852
745,Kidney cancer,70+,83070.080041128,49962.524650903,33107.555390225,1.5090973665079004
750,Bladder cancer,0-28 days,0.0,0.0,0.0,
750,Bladder cancer,1-59 months,0.0,0.0,0.0,
750,Bladder cancer,5-14,104.38500175899999,79.763914874,24.621086885,3.2396585596143956
750,Bladder cancer,15-29,434.482968043122,261.826279859122,172.656688184,1.5164560528352895
750,Bladder cancer,30-49,6286.124274823,4457.639390449,1828.484884374,2.437886924055769
750,Bladder cancer,50-59,17750.845602565,13589.177278854,4161.668323711,3.265319631896181
750,Bladder cancer,60-69,42271.720398873,33039.615964572,9232.104434301,3.578774070385997
750,Bladder cancer,70+,146587.03491858998,106726.97724845,39860.05767014,2.6775419677428465
751,Brain and nervous system cancers,0-28 days,78.0022876771686,44.37841172018,33.6238759569886,1.3198481869534766
751,Brain and nervous system cancers,1-59 months,4788.078240372261,2581.27029083646,2206.8079495358,1.1696850608950486
751,Brain and nervous system cancers,5-14,8579.33273234367,4804.94948263267,3774.383249711,1.2730422865777022
751,Brain and nervous system cancers,15-29,11715.29129127181,6836.11414747098,4879.17714380083,1.4010793103006127
751,Brain and nervous system cancers,30-49,43728.326695799,26219.501607331,17508.825088468,1.4975020582392016
751,Brain and nervous system cancers,50-59,49890.176008783004,29034.493121632,20855.682887151,1.392162188058579
751,Brain and nervous system cancers,60-69,61509.222322582,34283.827650215,27225.394672367,1.2592591608970174
751,Brain and nervous system cancers,70+,79383.854721507,39619.030727355,39764.823994152,0.9963336121689249
752,Gallbladder and biliary tract cancer,0-28 days,0.0,0.0,0.0,
752,Gallbladder and biliary tract cancer,1-59 months,0.0,0.0,0.0,
752,Gallbladder and biliary tract cancer,5-14,11.272777972,6.169732651,5.103045321,1.2090295623302383
752,Gallbladder and biliary tract cancer,15-29,393.97972104,132.219545164,261.760175876,0.5051171161599255
752,Gallbladder and biliary tract cancer,30-49,9224.088025605,3732.552498689,5491.535526916,0.6796919514395221
752,Gallbladder and biliary tract cancer,50-59,21534.36502537,9070.920929337,12463.444096033,0.7278021114744834
752,Gallbladder and biliary tract cancer,60-69,37602.066633626004,16233.716613326,21368.3500203,0.7597084752872317
752,Gallbladder and biliary tract cancer,70+,91072.100043121,39166.7302837,51905.369759421,0.7545795447607058
753,Larynx cancer,0-28 days,0.0,0.0,0.0,
753,Larynx cancer,1-59 months,0.0,0.0,0.0,
753,Larynx cancer,5-14,42.567140786,29.953107058,12.614033728,2.374585933721708
753,Larynx cancer,15-29,327.840310477,192.948451992,134.891858485,1.43039360684215
753,Larynx cancer,30-49,8668.443433564,7186.0648106,1482.378622964,4.847658148382862
753,Larynx cancer,50-59,24403.266976376,21271.782608239,3131.484368137,6.792875233445321
753,Larynx cancer,60-69,37256.243365043,32366.574522551,4889.668842492,6.619379668676193
753,Larynx cancer,70+,43604.064899556004,36250.856026731,7353.208872825,4.92993693687963
754,Thyroid cancer,0-28 days,0.0,0.0,0.0,
754,Thyroid cancer,1-59 months,0.0,0.0,0.0,
754,Thyroid cancer,5-14,236.972519957,82.203518798,154.769001159,0.5311368438279785
754,Thyroid cancer,15-29,817.778406525,266.732408917,551.045997608,0.48404744808027184
754,Thyroid cancer,30-49,4036.241503647,1590.215503218,2446.026000429,0.6501220767641464
754,Thyroid cancer,50-59,6942.895052218,2941.482300792,4001.412751426,0.7351109429397734
754,Thyroid cancer,60-69,11028.590304804,4174.670069664,6853.92023514,0.6090923043224951
754,Thyroid cancer,70+,24223.986639044,8668.748866285,15555.237772759,0.5572880976121165
755,Mesothelioma,0-28 days,0.0,0.0,0.0,
755,Mesothelioma,1-59 months,0.0,0.0,0.0,
755,Mesothelioma,5-14,2.0658782330000003,0.972675943,1.09320229,0.8897492732109078
755,Mesothelioma,15-29,150.154298183,82.701763838,67.452534345,1.2260734847263803
755,Mesothelioma,30-49,1668.706022012,1078.17093411,590.535087902,1.8257525356205824
755,Mesothelioma,50-59,3211.698684615,2178.47868102,1033.220003595,2.1084364157102757
755,Mesothelioma,60-69,5443.15188453,3650.742466864,1792.409417666,2.0367793378467307
755,Mesothelioma,70+,16872.668205361,12366.357478954,4506.310726407,2.74423097512719
760,"Lymphomas, multiple myeloma",0-28 days,0.0,0.0,0.0,
760,"Lymphomas, multiple myeloma",1-59 months,2529.320612653322,1611.97257213422,917.348040519102,1.757209369763355
760,"Lymphomas, multiple myeloma",5-14,6292.212500277001,4126.363310638,2165.849189639,1.905194198366958
760,"Lymphomas, multiple myeloma",15-29,13005.20412124375,7720.26372918797,5284.94039205578,1.4608043149915033
760,"Lymphomas, multiple myeloma",30-49,40247.955633434,24859.592210884,15388.36342255,1.615479926504395
760,"Lymphomas, multiple myeloma",50-59,56272.916799655,34602.533965326,21670.382834329,1.5967661591335902
760,"Lymphomas, multiple myeloma",60-69,88347.10985293801,51564.882385896,36782.227467042,1.4018966750205575
760,"Lymphomas, multiple myeloma",70+,196589.79014761897,103874.529535513,92715.260612106,1.1203606488266713
770,Leukaemia,0-28 days,125.8560748984348,79.8268290515972,46.0292458468376,1.734263240315106
770,Leukaemia,1-59 months,9001.87292186727,5078.94850630587,3922.9244155614,1.2946842631376658
770,Leukaemia,5-14,14936.242289514328,9036.87699588833,5899.365293626,1.531838858267053
770,Leukaemia,15-29,22848.415395569747,13745.7350178982,9102.68037767155,1.510075543420798
770,Leukaemia,30-49,42376.825126676005,24027.764441701,18349.060684975,1.3094819868014262
770,Leukaemia,50-59,39377.401776811996,22084.481528202,17292.92024861,1.277082251621275
770,Leukaemia,60-69,56371.136437401,32320.170056778,24050.966380623,1.3438200172620591
770,Leukaemia,70+,127419.27826243799,70253.58404927,57165.694213168,1.2289465739241776
780,Other malignant neoplasms,0-28 days,340.895753778674,203.747341051429,137.148412727245,1.4855975143994788
780,Other malignant neoplasms,1-59 months,9486.92171701551,5314.86020050573,4172.06151650978,1.2739170262647472
780,Other malignant neoplasms,5-14,12674.675919718,7029.090157658,5645.58576206,1.2450594949589744
780,Other malignant neoplasms,15-29,25732.9853392004,13901.2378390898,11831.7475001106,1.174909947914275
780,Other malignant neoplasms,30-49,79554.58964468,43053.129841826,36501.459802854,1.1794906306311546
780,Other malignant neoplasms,50-59,96114.645178163,54088.140128027,42026.505050136,1.287000669303858
780,Other malignant neoplasms,60-69,127524.145374704,71059.385868435,56464.759506269,1.2584731873434372
780,Other malignant neoplasms,70+,209578.623027664,104135.36701752,105443.256010144,0.9875962764987247
811,Thalassaemias,0-28 days,139.93280529483292,65.178197067005,74.7546082278279,0.8718953735716587
811,Thalassaemias,1-59 months,3713.97316745876,1916.83287282716,1797.1402946316,1.0666016885565943
811,Thalassaemias,5-14,1874.076451964845,952.638225381535,921.43822658331,1.0338601090101445
811,Thalassaemias,15-29,1768.1702212542868,738.732596574887,1029.4376246794,0.7176079238457523
811,Thalassaemias,30-49,1239.322982574896,503.509266302898,735.813716271998,0.6842890464911812
811,Thalassaemias,50-59,653.897581376656,232.56917362583,421.328407750826,0.5519902511851791
811,Thalassaemias,60-69,350.882236515605,125.333599764246,225.548636751359,0.5556832511579826
811,Thalassaemias,70+,150.6361433490874,53.0374808168443,97.5986625322431,0.543424258496602
812,Sickle cell disorders and trait,0-28 days,149.4978795846465,48.0594057336525,101.438473850994,0.4737788721491255
812,Sickle cell disorders and trait,1-59 months,6562.35047867896,2600.94693000593,3961.40354867303,0.656572070491829
812,Sickle cell disorders and trait,5-14,10594.08661415082,3140.6782399935,7453.40837415732,0.4213747700827655
812,Sickle cell disorders and trait,15-29,8320.10556150588,3183.56861383651,5136.53694766937,0.619788905690829
812,Sickle cell disorders and trait,30-49,5558.583976599701,2268.21173820307,3290.37223839663,0.6893480657703185
812,Sickle cell disorders and trait,50-59,1570.403069553802,443.995719890692,1126.40734966311,0.39416976462687664
812,Sickle cell disorders and trait,60-69,366.64205818647997,115.573324866125,251.068733320355,0.46032543892535377
812,Sickle cell disorders and trait,70+,150.5498891326375,57.5346086441871,93.0152804884504,0.6185500741604613
813,Other haemoglobinopathies and haemolytic anaemias,0-28 days,52.7397996649267,23.6526369813793,29.0871626835474,0.8131641177486851
813,Other haemoglobinopathies and haemolytic anaemias,1-59 months,1900.973696214399,860.048608014069,1040.92508820033,0.8262348729638356
813,Other haemoglobinopathies and haemolytic anaemias,5-14,2731.89495484276,1238.30445912291,1493.59049571985,0.829078962855945
813,Other haemoglobinopathies and haemolytic anaemias,15-29,3515.2894511961204,1672.06539034625,1843.22406084987,0.9071416904005135
813,Other haemoglobinopathies and haemolytic anaemias,30-49,4244.79801904966,2196.30210150339,2048.49591754627,1.0721535164854834
813,Other haemoglobinopathies and haemolytic anaemias,50-59,4088.5728281267798,1947.34674922148,2141.2260789053,0.9094540592449067
813,Other haemoglobinopathies and haemolytic anaemias,60-69,7429.20427008652,3269.22704795496,4159.97722213156,0.7858761895527443
813,Other haemoglobinopathies and haemolytic anaemias,70+,24030.1688040209,9338.8119129082,14691.3568911127,0.6356670784138098
814,"Other endocrine, blood and immune disorders",0-28 days,562.660977311308,298.062110356332,264.598866954976,1.1264678257562233
814,"Other endocrine, blood and immune disorders",1-59 months,9534.83227905347,5290.14335092137,4244.6889281321,1.2462970645175944
814,"Other endocrine, blood and immune disorders",5-14,3137.3927953091397,1635.74188568354,1501.6509096256,1.089295704613113
814,"Other endocrine, blood and immune disorders",15-29,6838.45843693353,3557.9496836443,3280.50875328923,1.0845725316467734
814,"Other endocrine, blood and immune disorders",30-49,25637.1595173872,13652.0863104669,11985.0732069203,1.1390907735619045
814,"Other endocrine, blood and immune disorders",50-59,24464.9076179283,13282.0832251377,11182.8243927906,1.1877217023724758
814,"Other endocrine, blood and immune disorders",60-69,34418.3566112383,17763.2281548967,16655.1284563416,1.0665320415546347
814,"Other endocrine, blood and immune disorders",70+,117510.2803657329,48664.6325552924,68845.6478104405,0.7068657802347292
830,Depressive disorders,0-28 days,0.0,0.0,0.0,
830,Depressive disorders,1-59 months,0.0,0.0,0.0,
830,Depressive disorders,5-14,0.0,0.0,0.0,
830,Depressive disorders,15-29,0.0,0.0,0.0,
830,Depressive disorders,30-49,0.0,0.0,0.0,
830,Depressive disorders,50-59,0.0,0.0,0.0,
830,Depressive disorders,60-69,0.0,0.0,0.0,
830,Depressive disorders,70+,0.0,0.0,0.0,
840,Bipolar disorder,0-28 days,0.0,0.0,0.0,
840,Bipolar disorder,1-59 months,0.0,0.0,0.0,
840,Bipolar disorder,5-14,0.0,0.0,0.0,
840,Bipolar disorder,15-29,17.22075950250536,10.8350048163763,6.38575468612906,1.6967461715859151
840,Bipolar disorder,30-49,85.4954398040497,45.0352724856447,40.460167318405,1.113076773292495
840,Bipolar disorder,50-59,111.66638221913391,51.3147063215775,60.3516758975564,0.8502614974384697
840,Bipolar disorder,60-69,219.837495396669,104.183302393911,115.654193002758,0.9008173390775944
840,Bipolar disorder,70+,683.551242326432,212.760007265084,470.791235061348,0.45192006864222867
850,Schizophrenia,0-28 days,0.0,0.0,0.0,
850,Schizophrenia,1-59 months,0.0,0.0,0.0,
850,Schizophrenia,5-14,0.0,0.0,0.0,
850,Schizophrenia,15-29,87.294636735116,62.1868450913686,25.1077916437474,2.4767946928082387
850,Schizophrenia,30-49,867.223075469839,612.262872048107,254.960203421732,2.401405646179837
850,Schizophrenia,50-59,1170.99361263163,752.30796047281,418.68565215882,1.7968324364443162
850,Schizophrenia,60-69,1723.446235893191,1007.84503519185,715.601200701341,1.4083892455799247
850,Schizophrenia,70+,3642.1639274521403,1351.98504017964,2290.1788872725,0.5903403649789966
860,Alcohol use disorders,0-28 days,0.0,0.0,0.0,
860,Alcohol use disorders,1-59 months,0.0,0.0,0.0,
860,Alcohol use disorders,5-14,4.31543421409704,3.18503358632838,1.13040062776866,2.817614842107295
860,Alcohol use disorders,15-29,5874.743653679989,5145.47926122824,729.264392451749,7.055711638311869
860,Alcohol use disorders,30-49,56815.870278845614,49643.3974748524,7172.47280399322,6.9213782793590815
860,Alcohol use disorders,50-59,42831.63976554302,36849.3608886171,5982.27887692592,6.159753105250198
860,Alcohol use disorders,60-69,34156.923665383896,28638.5070219497,5518.4166434342,5.189623921568831
860,Alcohol use disorders,70+,19531.68283814707,15004.7816059171,4526.90123222997,3.31458117510677
870,Drug use disorders,0-28 days,0.0,0.0,0.0,
870,Drug use disorders,1-59 months,0.306088808168793,0.306088808168793,0.0,
870,Drug use disorders,5-14,92.9174045362109,48.5309985780958,44.3864059581151,1.0933752695339134
870,Drug use disorders,15-29,30762.77149783873,22893.559693296,7869.21180454273,2.9092570211517286
870,Drug use disorders,30-49,87024.5759758304,65476.43855623,21548.1374196004,3.038612446228043
870,Drug use disorders,50-59,32855.24855623317,23430.820740831,9424.42781540217,2.4861796598981254
870,Drug use disorders,60-69,18682.62789394139,12791.3256288791,5891.30226506229,2.1712220920553724
870,Drug use disorders,70+,8746.21221259598,5108.358743488,3637.85346910798,1.4042233385339173
880,Anxiety disorders,0-28 days,0.0,0.0,0.0,
880,Anxiety disorders,1-59 months,0.0,0.0,0.0,
880,Anxiety disorders,5-14,0.0,0.0,0.0,
880,Anxiety disorders,15-29,7.8576453941397,2.42385744111804,5.43378795302166,0.44607140765773967
880,Anxiety disorders,30-49,19.81253886692899,13.2164376447168,6.59610122221219,2.003674170464639
880,Anxiety disorders,50-59,45.887899578391,30.234185531478,15.653714046913,1.931438471462327
880,Anxiety disorders,60-69,47.661312140219195,25.9125399521934,21.7487721880258,1.1914484058304697
880,Anxiety disorders,70+,96.56613462246261,57.3378321630919,39.2283024593707,1.4616444905429566
890,Eating disorders,0-28 days,0.0,0.0,0.0,
890,Eating disorders,1-59 months,0.0,0.0,0.0,
890,Eating disorders,5-14,1.722414883180012,0.0662411112492719,1.65617377193074,0.03999647402461223
890,Eating disorders,15-29,14.52919385788124,1.70502371375704,12.8241701441242,0.13295392174270634
890,Eating disorders,30-49,26.35276270260736,5.65373126894696,20.6990314336604,0.2731398948335796
890,Eating disorders,50-59,0.0,0.0,0.0,
890,Eating disorders,60-69,0.0,0.0,0.0,
890,Eating disorders,70+,0.0,0.0,0.0,
900,Austism and Asperger syndrome,0-28 days,0.0,0.0,0.0,
900,Austism and Asperger syndrome,1-59 months,0.0,0.0,0.0,
900,Austism and Asperger syndrome,5-14,0.0,0.0,0.0,
900,Austism and Asperger syndrome,15-29,0.0,0.0,0.0,
900,Austism and Asperger syndrome,30-49,0.0,0.0,0.0,
900,Austism and Asperger syndrome,50-59,0.0,0.0,0.0,
900,Austism and Asperger syndrome,60-69,0.0,0.0,0.0,
900,Austism and Asperger syndrome,70+,0.0,0.0,0.0,
910,Childhood behavioural disorders,0-28 days,0.0,0.0,0.0,
910,Childhood behavioural disorders,1-59 months,0.0,0.0,0.0,
910,Childhood behavioural disorders,5-14,0.0,0.0,0.0,
910,Childhood behavioural disorders,15-29,0.0,0.0,0.0,
910,Childhood behavioural disorders,30-49,0.0,0.0,0.0,
910,Childhood behavioural disorders,50-59,0.0,0.0,0.0,
910,Childhood behavioural disorders,60-69,0.0,0.0,0.0,
910,Childhood behavioural disorders,70+,0.0,0.0,0.0,
920,Idiopathic intellectual disability,0-28 days,0.0,0.0,0.0,
920,Idiopathic intellectual disability,1-59 months,0.0,0.0,0.0,
920,Idiopathic intellectual disability,5-14,23.7250889585357,13.6432156190543,10.0818733394814,1.3532421167826427
920,Idiopathic intellectual disability,15-29,113.3785620514169,68.1909796833054,45.1875823681115,1.5090645728244847
920,Idiopathic intellectual disability,30-49,339.229950466598,203.089102528928,136.14084793767,1.4917572911100807
920,Idiopathic intellectual disability,50-59,342.15377783385503,216.39432308312,125.759454750735,1.7207002329330257
920,Idiopathic intellectual disability,60-69,457.17539363624,261.804902542234,195.370491094006,1.3400432228849846
920,Idiopathic intellectual disability,70+,686.963240070367,329.310627555385,357.652612514982,0.9207555489101599
930,Other mental and behavioural disorders,0-28 days,0.0,0.0,0.0,
930,Other mental and behavioural disorders,1-59 months,0.0,0.0,0.0,
930,Other mental and behavioural disorders,5-14,0.0,0.0,0.0,
930,Other mental and behavioural disorders,15-29,0.0,0.0,0.0,
930,Other mental and behavioural disorders,30-49,0.0,0.0,0.0,
930,Other mental and behavioural disorders,50-59,0.0,0.0,0.0,
930,Other mental and behavioural disorders,60-69,0.0,0.0,0.0,
930,Other mental and behavioural disorders,70+,5.012366862731579,0.994148391897029,4.01821847083455,0.24741023891877953
950,Alzheimer disease and other dementias,0-28 days,0.0,0.0,0.0,
950,Alzheimer disease and other dementias,1-59 months,0.0,0.0,0.0,
950,Alzheimer disease and other dementias,5-14,96.97715912859789,54.5691742447736,42.4079848838243,1.2867664991454935
950,Alzheimer disease and other dementias,15-29,119.43376482458099,78.422988694196,41.010776130385,1.9122532196139586
950,Alzheimer disease and other dementias,30-49,2055.478147358008,1084.67866807777,970.799479280238,1.117304542521967
950,Alzheimer disease and other dementias,50-59,24741.7065104559,10826.4517914427,13915.2547190132,0.7780275683096124
950,Alzheimer disease and other dementias,60-69,111863.802878024,45907.1546229819,65956.6482550421,0.6960201259085734
950,Alzheimer disease and other dementias,70+,1700017.2303823258,529040.016471176,1170977.21391115,0.45179360468009744
960,Parkinson disease,0-28 days,0.0,0.0,0.0,
960,Parkinson disease,1-59 months,0.0,0.0,0.0,
960,Parkinson disease,5-14,2.59529363611979,0.0,2.59529363611979,0.0
960,Parkinson disease,15-29,44.8469527975316,31.1275364190884,13.7194163784432,2.268867389140395
960,Parkinson disease,30-49,1950.10263043139,1298.82655929394,651.27607113745,1.9942795641570965
960,Parkinson disease,50-59,7617.74365958554,4393.94101272699,3223.80264685855,1.362968361915295
960,Parkinson disease,60-69,30207.5939161601,17129.479774922,13078.1141412381,1.3097820977803731
960,Parkinson disease,70+,310786.238758469,167084.010646745,143702.228111724,1.1627099512809391
970,Epilepsy,0-28 days,114.51142476048079,71.8017620944743,42.7096626660065,1.6811596630011034
970,Epilepsy,1-59 months,9607.00118482757,5626.02143293206,3980.97975189551,1.413225332345204
970,Epilepsy,5-14,11404.482203535259,6934.93028049939,4469.55192303587,1.5515940747342192
970,Epilepsy,15-29,26938.2740479296,16401.0228973584,10537.2511505712,1.5564802112996368
970,Epilepsy,30-49,35440.336790070796,23704.7533383392,11735.5834517316,2.019904117748959
970,Epilepsy,50-59,16360.11042304565,10036.4268768807,6323.68354616495,1.5871171926317176
970,Epilepsy,60-69,15126.22302890386,8579.59369001494,6546.62933888892,1.310536040134365
970,Epilepsy,70+,29022.0758307813,13417.5026456487,15604.5731851326,0.859844257607273
980,Multiple sclerosis,0-28 days,0.0,0.0,0.0,
980,Multiple sclerosis,1-59 months,0.0,0.0,0.0,
980,Multiple sclerosis,5-14,16.458099905266593,8.13753248744112,8.32056741782547,0.9780021095686062
980,Multiple sclerosis,15-29,423.6934799542998,69.5609318247378,354.132548129562,0.19642625958032084
980,Multiple sclerosis,30-49,2307.6107407457457,992.153235519366,1315.45750522638,0.7542267474072637
980,Multiple sclerosis,50-59,3408.0460978053598,1382.31590496978,2025.73019283558,0.6823790798294018
980,Multiple sclerosis,60-69,4807.273875075351,1851.89510708245,2955.3787679929,0.6266185326695488
980,Multiple sclerosis,70+,6745.266983945,2241.68675010688,4503.58023383812,0.4977565922471488
990,Migraine,0-28 days,0.0,0.0,0.0,
990,Migraine,1-59 months,0.0,0.0,0.0,
990,Migraine,5-14,0.342868139217512,0.342868139217512,0.0,
990,Migraine,15-29,3.2841606625417668,2.83231833491528,0.451842327626487,6.268377621444532
990,Migraine,30-49,5.37839232005297,2.67556045862789,2.70283186142508,0.9899100631502801
990,Migraine,50-59,1.99406827223075,0.0,1.99406827223075,0.0
990,Migraine,60-69,4.99518988175267,1.6389609928729,3.35622888887977,0.4883340937512598
990,Migraine,70+,3.1434561631462388,0.356978509103339,2.7864776540429,0.12811102525275914
1000,Non-migrane headache,0-28 days,0.0,0.0,0.0,
1000,Non-migrane headache,1-59 months,0.0,0.0,0.0,
1000,Non-migrane headache,5-14,0.0,0.0,0.0,
1000,Non-migrane headache,15-29,0.0,0.0,0.0,
1000,Non-migrane headache,30-49,0.0,0.0,0.0,
1000,Non-migrane headache,50-59,0.0,0.0,0.0,
1000,Non-migrane headache,60-69,0.0,0.0,0.0,
1000,Non-migrane headache,70+,0.0,0.0,0.0,
1010,Other neurological conditions,0-28 days,73.0207646015093,40.6879852945253,32.332779306984,1.2584128604662372
1010,Other neurological conditions,1-59 months,2616.83172136173,1406.10264677371,1210.72907458802,1.1613685309838375
1010,Other neurological conditions,5-14,7579.591151952651,3878.41710818636,3701.17404376629,1.0478883355184532
1010,Other neurological conditions,15-29,11091.439274721819,6963.60958382825,4127.82969089357,1.6869905265691343
1010,Other neurological conditions,30-49,21032.8659515809,11988.820395627,9044.0455559539,1.325603715887354
1010,Other neurological conditions,50-59,24213.190200342622,14449.1506732745,9764.03952706812,1.4798332834702477
1010,Other neurological conditions,60-69,37244.2855431892,21534.6269027406,15709.6586404486,1.3707889773807118
1010,Other neurological conditions,70+,87679.1375709181,43738.0241968443,43941.1133740738,0.9953781513112654
1030,Glaucoma,0-28 days,0.0,0.0,0.0,
1030,Glaucoma,1-59 months,0.0,0.0,0.0,
1030,Glaucoma,5-14,0.0,0.0,0.0,
1030,Glaucoma,15-29,0.365700937243035,0.0,0.365700937243035,0.0
1030,Glaucoma,30-49,1.73696994180816,0.0,1.73696994180816,0.0
1030,Glaucoma,50-59,1.737750192059073,0.432179468707353,1.30557072335172,0.331027236577305
1030,Glaucoma,60-69,3.21719628588865,2.05730059344945,1.1598956924392,1.7736944855127916
1030,Glaucoma,70+,62.223603121698,21.0309591515215,41.1926439701765,0.5105513296681788
1040,Cataracts,0-28 days,0.0,0.0,0.0,
1040,Cataracts,1-59 months,0.0,0.0,0.0,
1040,Cataracts,5-14,0.0,0.0,0.0,
1040,Cataracts,15-29,0.423615114861629,0.423615114861629,0.0,
1040,Cataracts,30-49,0.0,0.0,0.0,
1040,Cataracts,50-59,1.2434449284723539,0.611959525721702,0.631485402750652,0.9690794483231151
1040,Cataracts,60-69,1.90228383439811,1.90228383439811,0.0,
1040,Cataracts,70+,27.103598697295602,10.4418565165804,16.6617421807152,0.6266965604993046
1050,Uncorrected refractive errors,0-28 days,0.0,0.0,0.0,
1050,Uncorrected refractive errors,1-59 months,0.0,0.0,0.0,
1050,Uncorrected refractive errors,5-14,0.0,0.0,0.0,
1050,Uncorrected refractive errors,15-29,0.0,0.0,0.0,
1050,Uncorrected refractive errors,30-49,0.0,0.0,0.0,
1050,Uncorrected refractive errors,50-59,0.0,0.0,0.0,
1050,Uncorrected refractive errors,60-69,0.0,0.0,0.0,
1050,Uncorrected refractive errors,70+,0.0,0.0,0.0,
1060,Macular degeneration,0-28 days,0.0,0.0,0.0,
1060,Macular degeneration,1-59 months,0.0,0.0,0.0,
1060,Macular degeneration,5-14,0.0,0.0,0.0,
1060,Macular degeneration,15-29,0.0,0.0,0.0,
1060,Macular degeneration,30-49,0.0,0.0,0.0,
1060,Macular degeneration,50-59,0.0,0.0,0.0,
1060,Macular degeneration,60-69,0.0,0.0,0.0,
1060,Macular degeneration,70+,0.0,0.0,0.0,
1070,Other vision loss,0-28 days,0.0,0.0,0.0,
1070,Other vision loss,1-59 months,0.0,0.0,0.0,
1070,Other vision loss,5-14,0.0,0.0,0.0,
1070,Other vision loss,15-29,0.0,0.0,0.0,
1070,Other vision loss,30-49,0.0,0.0,0.0,
1070,Other vision loss,50-59,0.0,0.0,0.0,
1070,Other vision loss,60-69,0.0,0.0,0.0,
1070,Other vision loss,70+,0.0,0.0,0.0,
1080,Other hearing loss,0-28 days,0.0,0.0,0.0,
1080,Other hearing loss,1-59 months,0.0,0.0,0.0,
1080,Other hearing loss,5-14,0.0,0.0,0.0,
1080,Other hearing loss,15-29,0.560771048662513,0.560771048662513,0.0,
1080,Other hearing loss,30-49,0.0,0.0,0.0,
1080,Other hearing loss,50-59,3.56372361202048,1.04783940590139,2.51588420611909,0.4164895202063963
1080,Other hearing loss,60-69,5.404959943500975,0.778176624137205,4.62678331936377,0.16818955425909426
1080,Other hearing loss,70+,28.89729937015753,9.68244993500863,19.2148494351489,0.5039045436024567
1090,Other sense organ disorders,0-28 days,0.0,0.0,0.0,
1090,Other sense organ disorders,1-59 months,0.0,0.0,0.0,
1090,Other sense organ disorders,5-14,10.69568277217565,8.62120286579015,2.0744799063855,4.155838212389064
1090,Other sense organ disorders,15-29,29.357900181065,18.6921199933765,10.6657801876885,1.7525318977558528
1090,Other sense organ disorders,30-49,49.7963376001731,26.7001892158989,23.0961483842742,1.156045102051675
1090,Other sense organ disorders,50-59,44.159791084820895,27.2645286491685,16.8952624356524,1.6137380968782626
1090,Other sense organ disorders,60-69,95.930170086299,57.026436492272,38.903733594027,1.4658345414186011
1090,Other sense organ disorders,70+,529.714117421841,231.735382436256,297.978734985585,0.777691006868213
1110,Rheumatic heart disease,0-28 days,0.0,0.0,0.0,
1110,Rheumatic heart disease,1-59 months,2025.663952356203,897.034710175303,1128.6292421809,0.7948001670078326
1110,Rheumatic heart disease,5-14,5459.652826421219,2738.15132294033,2721.50150348089,1.0061178799416957
1110,Rheumatic heart disease,15-29,19473.34519145693,9798.46218424494,9674.88300721199,1.0127731960108282
1110,Rheumatic heart disease,30-49,52438.8221072452,22619.1695326727,29819.6525745725,0.7585322959785346
1110,Rheumatic heart disease,50-59,60354.7812916677,22213.2205752863,38141.5607163814,0.5823888733988265
1110,Rheumatic heart disease,60-69,69699.3003879287,27156.5058032611,42542.7945846676,0.6383338487370618
1110,Rheumatic heart disease,70+,151700.0142963233,57363.8722286581,94336.1420676652,0.6080794801584347
1120,Hypertensive heart disease,0-28 days,0.0,0.0,0.0,
1120,Hypertensive heart disease,1-59 months,1.76537730313453,1.76537730313453,0.0,
1120,Hypertensive heart disease,5-14,47.817674884602795,25.5468794812973,22.2707954033055,1.147102248422863
1120,Hypertensive heart disease,15-29,4627.44402037879,2284.19868237742,2343.24533800137,0.9748013344286379
1120,Hypertensive heart disease,30-49,54159.1380250151,30095.7809945343,24063.3570304808,1.250689210005582
1120,Hypertensive heart disease,50-59,114735.259824879,57364.2802819421,57370.9795429369,0.9998832290986109
1120,Hypertensive heart disease,60-69,223642.685863175,103627.039500153,120015.646363022,0.8634460809110095
1120,Hypertensive heart disease,70+,989137.927580933,367230.759680568,621907.167900365,0.590491280105975
1130,Ischaemic heart disease,0-28 days,0.0,0.0,0.0,
1130,Ischaemic heart disease,1-59 months,0.822754075856759,0.716637534208051,0.106116541648708,6.753306535190655
1130,Ischaemic heart disease,5-14,148.589239855617,90.480429051593,58.108810804024,1.5570862283990725
1130,Ischaemic heart disease,15-29,51240.12167327439,33195.1701528,18044.9515204744,1.8395821188622015
1130,Ischaemic heart disease,30-49,514135.09838483203,366476.484900958,147658.613483874,2.481917419202784
1130,Ischaemic heart disease,50-59,977227.9574127779,654704.761704701,322523.195708077,2.029946281126673
1130,Ischaemic heart disease,60-69,1698102.0823364449,1038084.85882387,660017.223512575,1.5728148021641617
1130,Ischaemic heart disease,70+,5792260.995042579,2669353.42420667,3122907.57083591,0.8547654273008672
1140,Stroke,0-28 days,652.271443580873,388.753843991338,263.517599589535,1.4752481223146983
1140,Stroke,1-59 months,8125.6261971965705,4656.03170232916,3469.59449486741,1.3419527005870147
1140,Stroke,5-14,7794.192685816761,4380.41654467094,3413.77614114582,1.2831586968677657
1140,Stroke,15-29,33605.2630163641,20311.8644480614,13293.3985683027,1.5279662566120453
1140,Stroke,30-49,313908.94320994,198574.270660829,115334.672549111,1.7217222390454485
1140,Stroke,50-59,682647.022536359,399561.096615872,283085.925920487,1.4114481153263003
1140,Stroke,60-69,1320168.009468247,732916.222546103,587251.786922144,1.2480442611974047
1140,Stroke,70+,4605760.28474518,2090500.48307063,2515259.80167455,0.8311270595899741
1150,"Cardiomyopathy, myocarditis, endocarditis",0-28 days,655.734103233406,426.34826145614,229.385841777266,1.8586511623944288
1150,"Cardiomyopathy, myocarditis, endocarditis",1-59 months,9756.01647014705,5070.13722443474,4685.87924571231,1.0820033890275844
1150,"Cardiomyopathy, myocarditis, endocarditis",5-14,5498.17707269489,3003.73176871631,2494.44530397858,1.204168222861183
1150,"Cardiomyopathy, myocarditis, endocarditis",15-29,14043.536149130041,9177.95615309517,4865.57999603487,1.886302590970574
1150,"Cardiomyopathy, myocarditis, endocarditis",30-49,66961.1555852423,48730.833960999,18230.3216242433,2.6730649609711263
1150,"Cardiomyopathy, myocarditis, endocarditis",50-59,61625.4972485871,43318.779839598,18306.7174089891,2.366277846094204
1150,"Cardiomyopathy, myocarditis, endocarditis",60-69,74067.0184365128,48507.5424146348,25559.476021878,1.8978300796586782
1150,"Cardiomyopathy, myocarditis, endocarditis",70+,193612.5079358505,90144.1290882485,103468.378847602,0.8712239438971137
1160,Other circulatory diseases,0-28 days,494.426030015698,268.929098659043,225.496931356655,1.1926064671527346
1160,Other circulatory diseases,1-59 months,6152.96383952717,3330.98477931569,2821.97906021148,1.1803718979637168
1160,Other circulatory diseases,5-14,5671.921550771411,3246.74223889357,2425.17931187784,1.338763786657732
1160,Other circulatory diseases,15-29,10491.09400480104,5751.76405711623,4739.32994768481,1.2136238921128504
1160,Other circulatory diseases,30-49,48392.130093839296,30147.3218603961,18244.8082334432,1.6523781162651678
1160,Other circulatory diseases,50-59,67392.332711148,41286.3585475497,26105.9741635983,1.5814908223236754
1160,Other circulatory diseases,60-69,129620.8683601448,75255.0364368367,54365.8319233081,1.3842340634646453
1160,Other circulatory diseases,70+,757752.617868085,308733.091224413,449019.526643672,0.6875716375457632
1180,Chronic obstructive pulmonary disease,0-28 days,0.0,0.0,0.0,
1180,Chronic obstructive pulmonary disease,1-59 months,4.19249313898466,2.12900501631389,2.06348812267077,1.0317505552483246
1180,Chronic obstructive pulmonary disease,5-14,76.4858868759222,40.8921261373365,35.5937607385857,1.1488565773553414
1180,Chronic obstructive pulmonary disease,15-29,5705.19168157898,3280.35171228139,2424.83996929759,1.3528116303821973
1180,Chronic obstructive pulmonary disease,30-49,54479.192011543004,34426.7579720252,20052.4340395178,1.7168368640026237
1180,Chronic obstructive pulmonary disease,50-59,204375.6086788817,122703.490782489,81672.1178963927,1.502391439611591
1180,Chronic obstructive pulmonary disease,60-69,592717.827628197,344357.601474804,248360.226153393,1.3865247540164534
1180,Chronic obstructive pulmonary disease,70+,2662326.55649154,1401120.92008825,1261205.63640329,1.1109377247028254
1190,Asthma,0-28 days,0.0,0.0,0.0,
1190,Asthma,1-59 months,5482.84773028721,2512.1564733458,2970.69125694141,0.8456471090611711
1190,Asthma,5-14,4660.07278847418,2212.46705818252,2447.60573029166,0.9039311482241379
1190,Asthma,15-29,10786.16626768943,5181.62542503445,5604.54084265498,0.9245405770974475
1190,Asthma,30-49,41310.8246743318,19133.5152146316,22177.3094597002,0.8627518703024065
1190,Asthma,50-59,60450.3114498254,26083.3486519124,34366.962797913,0.7589657778398842
1190,Asthma,60-69,94112.04801352491,42014.7559258868,52097.2920876381,0.8064671740559863
1190,Asthma,70+,209507.2717342844,81654.4718346754,127852.799899609,0.6386600207331486
1200,Other respiratory diseases,0-28 days,201.7305713653164,90.8899743972644,110.840596968052,0.820006178994705
1200,Other respiratory diseases,1-59 months,7459.74871083732,3550.4486082707,3909.30010256662,0.9082056928655032
1200,Other respiratory diseases,5-14,2202.15176308952,1013.29544618129,1188.85631690823,0.8523279321226067
1200,Other respiratory diseases,15-29,4767.0263979049705,2982.2163752944,1784.81002261057,1.6708872863300217
1200,Other respiratory diseases,30-49,20601.45641348201,13054.2950976807,7547.16131580131,1.7296960474859915
1200,Other respiratory diseases,50-59,33279.006148111,19841.9472036977,13437.0589444133,1.4766584924409627
1200,Other respiratory diseases,60-69,51711.2065622792,30476.9197838895,21234.2867783897,1.4352692935703448
1200,Other respiratory diseases,70+,214376.563475218,113907.302142537,100469.261332681,1.1337527581232931
1220,Peptic ulcer disease,0-28 days,0.0,0.0,0.0,
1220,Peptic ulcer disease,1-59 months,386.107932468683,153.317501988142,232.790430480541,0.6586074078374018
1220,Peptic ulcer disease,5-14,1430.993400301901,480.051111559311,950.94228874259,0.504816240945675
1220,Peptic ulcer disease,15-29,6075.428819809429,3224.05054786296,2851.37827194647,1.1306989954938838
1220,Peptic ulcer disease,30-49,24015.089305172427,16405.4702128638,7609.61909230863,2.1558858615466727
1220,Peptic ulcer disease,50-59,32338.0779961509,20001.9339455011,12336.1440506498,1.6214089154096338
1220,Peptic ulcer disease,60-69,46792.3016998936,25837.1809165629,20955.1207833307,1.232976950298266
1220,Peptic ulcer disease,70+,115554.8860963381,52076.3607561002,63478.5253402379,0.8203776076551345
1230,Cirrhosis of the liver,0-28 days,0.0,0.0,0.0,
1230,Cirrhosis of the liver,1-59 months,6391.3296547972495,3460.53011484529,2930.79953995196,1.1807460959619276
1230,Cirrhosis of the liver,5-14,11267.87375408052,6114.19143912066,5153.68231495986,1.186373366742587
1230,Cirrhosis of the liver,15-29,46821.967701189205,27301.2838769978,19520.6838241914,1.3985823510528936
1230,Cirrhosis of the liver,30-49,285862.7749926257,214786.971090434,71075.8039021917,3.0219421983042922
1230,Cirrhosis of the liver,50-59,295494.9388323357,208370.143417825,87124.7954145107,2.3916284959576593
1230,Cirrhosis of the liver,60-69,316681.48891938,201672.032755014,115009.456164366,1.7535256619837762
1230,Cirrhosis of the liver,70+,354363.92160469503,187084.33538589,167279.586218805,1.1183931023190123
1240,Appendicitis,0-28 days,0.0,0.0,0.0,
1240,Appendicitis,1-59 months,696.297640466569,367.472797994372,328.824842472197,1.1175335635580599
1240,Appendicitis,5-14,1937.5028636034722,984.749384150356,952.753479453116,1.0335825639971483
1240,Appendicitis,15-29,3971.7586705562203,1596.63938100025,2375.11928955597,0.6722354485608774
1240,Appendicitis,30-49,4638.50842922573,2530.35729856716,2108.15113065857,1.200273197575117
1240,Appendicitis,50-59,3558.7204811556403,1637.33979623298,1921.38068492266,0.8521683438796964
1240,Appendicitis,60-69,4241.06077381413,1998.77204407165,2242.28872974248,0.8913981583010512
1240,Appendicitis,70+,8303.82762699104,3863.6175323536,4440.21009463744,0.8701429549515671
1241,Gastritis and duodenitis,0-28 days,0.0,0.0,0.0,
1241,Gastritis and duodenitis,1-59 months,250.61548524741198,133.515208038679,117.100277208733,1.1401784113686266
1241,Gastritis and duodenitis,5-14,524.963181969284,200.467150098486,324.496031870798,0.6177799738959656
1241,Gastritis and duodenitis,15-29,1646.053026167726,947.030254444572,699.022771723154,1.3547917074433173
1241,Gastritis and duodenitis,30-49,5380.30148268331,3977.474873245,1402.82660943831,2.8353289326594506
1241,Gastritis and duodenitis,50-59,5417.896880524469,3548.14140915554,1869.75547136893,1.897649967328503
1241,Gastritis and duodenitis,60-69,7042.109915363229,3762.84210099782,3279.26781436541,1.1474641029665305
1241,Gastritis and duodenitis,70+,22765.6190721071,10340.1890929608,12425.4299791463,0.8321795793235988
1242,Paralytic ileus and intestinal obstruction,0-28 days,482.09261835753,293.565179210026,188.527439147504,1.5571482885328982
1242,Paralytic ileus and intestinal obstruction,1-59 months,12205.91173424559,6749.08041166735,5456.83132257824,1.2368130903629524
1242,Paralytic ileus and intestinal obstruction,5-14,4716.35141213823,2534.82464202038,2181.52677011785,1.1619498219054374
1242,Paralytic ileus and intestinal obstruction,15-29,8831.57083499993,4688.40959819691,4143.16123680302,1.1316020135906222
1242,Paralytic ileus and intestinal obstruction,30-49,21520.33314973557,14437.9521835658,7082.38096616977,2.0385732217076717
1242,Paralytic ileus and intestinal obstruction,50-59,22484.5014670178,12408.4183079929,10076.0831590249,1.2314723997567434
1242,Paralytic ileus and intestinal obstruction,60-69,33589.735474956804,17529.4946806594,16060.2407942974,1.0914839263732394
1242,Paralytic ileus and intestinal obstruction,70+,106731.8851827622,47036.3193043158,59695.5658784464,0.7879365680206856
1244,Inflammatory bowel disease,0-28 days,0.0,0.0,0.0,
1244,Inflammatory bowel disease,1-59 months,223.86182774403198,104.444232541362,119.41759520267,0.8746134299899784
1244,Inflammatory bowel disease,5-14,233.955592680701,113.711346376092,120.244246304609,0.9456697502850363
1244,Inflammatory bowel disease,15-29,1115.486927519901,474.332090293004,641.154837226897,0.7398089552666722
1244,Inflammatory bowel disease,30-49,3525.37944460495,1947.76475827139,1577.61468633356,1.2346264110903238
1244,Inflammatory bowel disease,50-59,2723.5976574913802,1613.67646813683,1109.92118935455,1.4538658092249122
1244,Inflammatory bowel disease,60-69,4211.53726916672,2367.02915521988,1844.50811394684,1.283284761569826
1244,Inflammatory bowel disease,70+,14304.89261297496,6430.80353993765,7874.08907303731,0.8167044441951005
1246,Gallbladder and biliary diseases,0-28 days,0.0,0.0,0.0,
1246,Gallbladder and biliary diseases,1-59 months,116.09371540313029,48.6553479917744,67.4383674113559,0.7214787347236605
1246,Gallbladder and biliary diseases,5-14,890.399662312124,350.863035867274,539.53662644485,0.6503043883771221
1246,Gallbladder and biliary diseases,15-29,1275.6777451555681,587.356192076089,688.321553079479,0.8533165777656074
1246,Gallbladder and biliary diseases,30-49,6688.90081614381,3385.17213726882,3303.72867887499,1.024651981536681
1246,Gallbladder and biliary diseases,50-59,9461.32809407401,4353.63689563332,5107.69119844069,0.8523688544370943
1246,Gallbladder and biliary diseases,60-69,17560.90842022412,7634.45964625306,9926.44877397106,0.7691028100877315
1246,Gallbladder and biliary diseases,70+,90114.6454986864,34830.9291891306,55283.7163095558,0.6300395761040772
1248,Pancreatitis,0-28 days,0.0,0.0,0.0,
1248,Pancreatitis,1-59 months,50.3087897900651,32.5232996365244,17.7854901535407,1.8286423008729802
1248,Pancreatitis,5-14,254.45908686909297,123.511203804126,130.947883064967,0.9432088622833907
1248,Pancreatitis,15-29,5308.05245091463,4006.02747266944,1302.02497824519,3.076766989576945
1248,Pancreatitis,30-49,27598.342871243112,22158.6877726396,5439.65509860351,4.073546460386481
1248,Pancreatitis,50-59,19819.415140472192,13682.1633998584,6137.25174061379,2.2293632358789375
1248,Pancreatitis,60-69,21375.70869736192,12755.7665739427,8619.94212341922,1.4797972412467832
1248,Pancreatitis,70+,41780.2591244558,18898.1416067873,22882.1175176685,0.8258912922807533
1250,Other digestive diseases,0-28 days,239.3701304160421,155.677188408431,83.6929420076111,1.8600993664946515
1250,Other digestive diseases,1-59 months,4839.63187460537,3161.62064837858,1678.01122622679,1.8841474949412966
1250,Other digestive diseases,5-14,2548.236529847759,1626.9799738326,921.256556015159,1.7660443914450998
1250,Other digestive diseases,15-29,5415.0191179947,3239.631570074,2175.3875479207,1.489220425652678
1250,Other digestive diseases,30-49,26963.80846595324,17600.2264265982,9363.58203935504,1.8796467369671808
1250,Other digestive diseases,50-59,38899.2833965314,24337.4864312848,14561.7969652466,1.6713243900714319
1250,Other digestive diseases,60-69,68370.719773864,38867.9504638127,29502.7693100513,1.3174339688366399
1250,Other digestive diseases,70+,258442.78856337297,109305.69172485,149137.096838523,0.7329208764416265
1270,Kidney diseases,0-28 days,365.097068961935,214.612186956225,150.48488200571,1.4261378558151891
1270,Kidney diseases,1-59 months,7162.50839146736,4023.71272397804,3138.79566748932,1.2819288511368927
1270,Kidney diseases,5-14,10922.922799185231,6488.04071929591,4434.88207988932,1.4629567601621167
1270,Kidney diseases,15-29,32799.1734778437,19946.3690734577,12852.804404386,1.5519079296539384
1270,Kidney diseases,30-49,121710.46844273439,70093.7604384733,51616.7080042611,1.357966502487661
1270,Kidney diseases,50-59,175165.2950990297,94702.8758068328,80462.4192921969,1.1769827037256002
1270,Kidney diseases,60-69,270465.056512537,142069.958269354,128395.098243183,1.1065060910679825
1270,Kidney diseases,70+,783494.970260231,369974.171821213,413520.798439018,0.8946930195961428
1280,Benign prostatic hyperplasia,0-28 days,0.0,0.0,0.0,
1280,Benign prostatic hyperplasia,1-59 months,0.0,0.0,0.0,
1280,Benign prostatic hyperplasia,5-14,0.0,0.0,0.0,
1280,Benign prostatic hyperplasia,15-29,0.250250965000367,0.250250965000367,0.0,
1280,Benign prostatic hyperplasia,30-49,24.299416146722,24.299416146722,0.0,
1280,Benign prostatic hyperplasia,50-59,136.40879372751,136.40879372751,0.0,
1280,Benign prostatic hyperplasia,60-69,700.792547609972,700.792547609972,0.0,
1280,Benign prostatic hyperplasia,70+,7123.43166968194,7123.43166968194,0.0,
1290,Urolithiasis,0-28 days,0.0,0.0,0.0,
1290,Urolithiasis,1-59 months,30.820843484263563,24.2537556201618,6.56708786410176,3.69322843276427
1290,Urolithiasis,5-14,38.248752984126696,27.5476732284016,10.7010797557251,2.574289123830101
1290,Urolithiasis,15-29,149.9835395593992,80.5225504394945,69.4609891199047,1.1592485430994246
1290,Urolithiasis,30-49,1047.7771055084909,544.332746651804,503.444358856687,1.0812172925881496
1290,Urolithiasis,50-59,1725.805422126808,877.983844272246,847.821577854562,1.035576195753369
1290,Urolithiasis,60-69,2627.638221061,1403.80832477812,1223.82989628288,1.147061637439881
1290,Urolithiasis,70+,6284.34177484695,3407.60801552349,2876.73375932346,1.184540628579017
1300,Other urinary diseases,0-28 days,125.44164662572629,72.3108296874396,53.1308169382867,1.3609960067324234
1300,Other urinary diseases,1-59 months,4828.05849566937,2615.86316983489,2212.19532583448,1.182473870768233
1300,Other urinary diseases,5-14,2466.55249747512,1022.85701030395,1443.69548717117,0.7084991394606168
1300,Other urinary diseases,15-29,8624.26414861147,4381.52382379285,4242.74032481862,1.0327108162058356
1300,Other urinary diseases,30-49,23118.477132005,12773.9584273628,10344.5187046422,1.2348528522289168
1300,Other urinary diseases,50-59,29604.1888193652,14457.5000546477,15146.6887647175,0.9544990511936056
1300,Other urinary diseases,60-69,51986.4299977489,25777.4197169235,26209.0102808254,0.9835327408674546
1300,Other urinary diseases,70+,219713.69684506388,96197.2104952219,123516.486349842,0.7788208144357156
1310,Infertility,0-28 days,0.0,0.0,0.0,
1310,Infertility,1-59 months,0.0,0.0,0.0,
1310,Infertility,5-14,0.0,0.0,0.0,
1310,Infertility,15-29,0.0,0.0,0.0,
1310,Infertility,30-49,0.0,0.0,0.0,
1310,Infertility,50-59,0.0,0.0,0.0,
1310,Infertility,60-69,0.0,0.0,0.0,
1310,Infertility,70+,0.0,0.0,0.0,
1320,Gynecological diseases,0-28 days,0.0,0.0,0.0,
1320,Gynecological diseases,1-59 months,0.0,0.0,0.0,
1320,Gynecological diseases,5-14,82.7578677340168,0.0,82.7578677340168,0.0
1320,Gynecological diseases,15-29,871.828504108347,0.0,871.828504108347,0.0
1320,Gynecological diseases,30-49,2305.30912927439,0.0,2305.30912927439,0.0
1320,Gynecological diseases,50-59,1315.77176936137,0.0,1315.77176936137,0.0
1320,Gynecological diseases,60-69,984.44868417206,0.0,984.44868417206,0.0
1320,Gynecological diseases,70+,2195.31710195418,0.0,2195.31710195418,0.0
1350,Rheumatoid arthritis,0-28 days,0.0,0.0,0.0,
1350,Rheumatoid arthritis,1-59 months,0.0,0.0,0.0,
1350,Rheumatoid arthritis,5-14,28.1107420879081,13.3921828994991,14.718559188409,0.9098840945006061
1350,Rheumatoid arthritis,15-29,147.4027528390954,55.802280003879,91.6004728352164,0.6091920519260186
1350,Rheumatoid arthritis,30-49,1171.929477949037,387.109678235634,784.819799713403,0.4932465750443567
1350,Rheumatoid arthritis,50-59,2772.593318225462,875.819291522452,1896.77402670301,0.4617415038336481
1350,Rheumatoid arthritis,60-69,7311.541222175139,2169.98414640518,5141.55707576996,0.42204805167512804
1350,Rheumatoid arthritis,70+,26138.109466584778,7781.88980318698,18356.2196633978,0.42393749616670945
1360,Osteoarthritis,0-28 days,0.0,0.0,0.0,
1360,Osteoarthritis,1-59 months,0.0,0.0,0.0,
1360,Osteoarthritis,5-14,0.0,0.0,0.0,
1360,Osteoarthritis,15-29,0.560771048662513,0.560771048662513,0.0,
1360,Osteoarthritis,30-49,41.5898527825376,21.2854346510603,20.3044181314773,1.048315421462985
1360,Osteoarthritis,50-59,100.6585193978485,58.8809969259898,41.7775224718587,1.409394177590401
1360,Osteoarthritis,60-69,285.903955815212,148.180364483827,137.723591331385,1.0759257949299428
1360,Osteoarthritis,70+,4589.2399522694195,1246.19051292653,3343.04943934289,0.37277059030616105
1370,Gout,0-28 days,0.0,0.0,0.0,
1370,Gout,1-59 months,0.0,0.0,0.0,
1370,Gout,5-14,0.0,0.0,0.0,
1370,Gout,15-29,10.22668660820876,6.81767886193232,3.40900774627644,1.9999012526090831
1370,Gout,30-49,443.33407395791176,405.851258909336,37.4828150485757,10.827662180211778
1370,Gout,50-59,813.2384728326394,753.402814491687,59.8356583409525,12.59120122316839
1370,Gout,60-69,942.26428464452,831.199453934787,111.064830709733,7.48391231160402
1370,Gout,70+,1146.11135908544,801.592159981395,344.519199104045,2.326698082620683
1380,Back and neck pain,0-28 days,0.0,0.0,0.0,
1380,Back and neck pain,1-59 months,0.0,0.0,0.0,
1380,Back and neck pain,5-14,2.6115385615041404,1.48624949278607,1.12528906871807,1.3207712881092912
1380,Back and neck pain,15-29,8.05207946280032,5.31898365843629,2.73309580436403,1.9461387522322788
1380,Back and neck pain,30-49,128.026892026699,95.9986160756355,32.0282759510635,2.9973082604356622
1380,Back and neck pain,50-59,371.616504221721,267.026823618794,104.589680602927,2.5530895790049972
1380,Back and neck pain,60-69,940.787983184092,611.066279784569,329.721703399523,1.8532789121380386
1380,Back and neck pain,70+,5345.179258768339,2823.42532978188,2521.75392898646,1.1196276120869046
1390,Other musculoskeletal disorders,0-28 days,0.0,0.0,0.0,
1390,Other musculoskeletal disorders,1-59 months,318.720884671916,128.25422845322,190.466656218696,0.6733684047351419
1390,Other musculoskeletal disorders,5-14,1130.60598038034,285.899670634734,844.706309745606,0.3384604416188584
1390,Other musculoskeletal disorders,15-29,5316.481476217429,1015.26307857671,4301.21839764072,0.23604081093245496
1390,Other musculoskeletal disorders,30-49,12150.29225585711,3079.91835066698,9070.37390519013,0.3395580361802538
1390,Other musculoskeletal disorders,50-59,9843.32127080641,3292.40214375122,6550.91912705519,0.5025862905487037
1390,Other musculoskeletal disorders,60-69,16553.82955958317,6254.50826389747,10299.3212956857,0.6072738275013744
1390,Other musculoskeletal disorders,70+,65059.5882899742,22181.5946334226,42877.9936565516,0.5173188561735171
1410,Neural tube defects,0-28 days,36545.889096900704,19248.6049471937,17297.284149707,1.1128108193516468
1410,Neural tube defects,1-59 months,9420.72679250567,4529.09285291606,4891.63393958961,0.925885483020431
1410,Neural tube defects,5-14,3445.09061454728,1482.24034268082,1962.85027186646,0.7551469227815164
1410,Neural tube defects,15-29,951.738187435133,442.372873649367,509.365313785766,0.8684785981234378
1410,Neural tube defects,30-49,725.264288039432,350.68019360805,374.584094431382,0.9361854889764657
1410,Neural tube defects,50-59,226.1782784388163,99.1293835081633,127.048894930653,0.780245932577934
1410,Neural tube defects,60-69,171.6963397450276,81.4673311382383,90.2290086067893,0.9028951153976026
1410,Neural tube defects,70+,42.4496661907,22.5409108056368,19.9087553850632,1.1322109478801679
1420,Cleft lip and cleft palate,0-28 days,891.776254056897,533.419556958164,358.356697098733,1.4885156640764505
1420,Cleft lip and cleft palate,1-59 months,541.0678329804309,310.430592742135,230.637240238296,1.3459690742977846
1420,Cleft lip and cleft palate,5-14,0.5346801731564239,0.284643017656484,0.25003715549994,1.1384028789135392
1420,Cleft lip and cleft palate,15-29,1.514050365049719,0.423615114861629,1.09043525018809,0.38848259425633874
1420,Cleft lip and cleft palate,30-49,1.303426155878042,0.84302169171344,0.460404464164602,1.8310458679915105
1420,Cleft lip and cleft palate,50-59,2.3754760314951096,0.37320494955093,2.00227108194418,0.18639082036212234
1420,Cleft lip and cleft palate,60-69,0.339970798997116,0.0,0.339970798997116,0.0
1420,Cleft lip and cleft palate,70+,2.44520649756159,2.44520649756159,0.0,
1430,Down syndrome,0-28 days,5509.077475436299,2920.99030104908,2588.08717438722,1.1286290237656624
1430,Down syndrome,1-59 months,9689.05290427785,5210.80724956785,4478.24565471,1.1635822711260553
1430,Down syndrome,5-14,2058.19952284285,866.17777189746,1192.02175094539,0.7266459451855607
1430,Down syndrome,15-29,1424.5024159167028,696.495562858034,728.006853058669,0.9567156681722946
1430,Down syndrome,30-49,2469.90188909062,1145.89519838579,1324.00669070483,0.865475383493551
1430,Down syndrome,50-59,3345.0777107864096,1624.07896904047,1720.99874174594,0.943683995604119
1430,Down syndrome,60-69,2735.9936330932496,1435.31065034098,1300.68298275227,1.1035053655455962
1430,Down syndrome,70+,298.827782371509,135.752462354088,163.075320017421,0.8324525277006101
1440,Congenital heart anomalies,0-28 days,92164.0412125313,55908.8227131041,36255.2184994272,1.542090353530414
1440,Congenital heart anomalies,1-59 months,101301.1085378096,56565.7305014507,44735.3780363589,1.26445182726469
1440,Congenital heart anomalies,5-14,23978.083091991502,11771.1434952041,12206.9395967874,0.9642993153093022
1440,Congenital heart anomalies,15-29,12098.42701690035,6774.66325399848,5323.76376290187,1.2725326584186665
1440,Congenital heart anomalies,30-49,10058.351919737259,5395.50610544986,4662.8458142874,1.1571272824242913
1440,Congenital heart anomalies,50-59,3179.81136242055,1489.29688206196,1690.51448035859,0.880972567443523
1440,Congenital heart anomalies,60-69,2701.55572179121,1542.07728731297,1159.47843447824,1.3299749624122141
1440,Congenital heart anomalies,70+,2086.286816963676,892.905490059256,1193.38132690442,0.7482147323147871
1450,Other chromosomal anomalies,0-28 days,12170.92477419651,6110.90646541012,6060.01830878639,1.0083973602109333
1450,Other chromosomal anomalies,1-59 months,6142.81609103667,2888.87245472639,3253.94363631028,0.8878065441853036
1450,Other chromosomal anomalies,5-14,686.511528448514,300.868670807229,385.642857641285,0.7801743630037336
1450,Other chromosomal anomalies,15-29,394.95927812713705,242.977434517389,151.981843609748,1.5987267212081944
1450,Other chromosomal anomalies,30-49,288.416611013337,179.732613544532,108.683997468805,1.6537173616209664
1450,Other chromosomal anomalies,50-59,81.903245881716,52.125812043272,29.777433838444,1.7505139068086935
1450,Other chromosomal anomalies,60-69,65.48093609908881,33.1934135184826,32.2875225806062,1.0280569974241545
1450,Other chromosomal anomalies,70+,0.0,0.0,0.0,
1460,Other congenital anomalies,0-28 days,95686.86499118339,49794.2039645261,45892.6610266573,1.0850145284798924
1460,Other congenital anomalies,1-59 months,49433.3957969841,27678.3536935562,21755.0421034279,1.2722730464950458
1460,Other congenital anomalies,5-14,14082.32482854449,7077.5097313419,7004.81509720259,1.010377809139936
1460,Other congenital anomalies,15-29,5819.64371235149,3390.93654027403,2428.70717207746,1.3961899479934012
1460,Other congenital anomalies,30-49,5190.79077021377,2816.129931915,2374.66083829877,1.185908272245102
1460,Other congenital anomalies,50-59,2334.6784579455098,1201.52872510933,1133.14973283618,1.0603441807306464
1460,Other congenital anomalies,60-69,2580.5568575381503,1268.59090789654,1311.96594964161,0.9669388967320999
1460,Other congenital anomalies,70+,2561.71605899883,1181.44187152093,1380.2741874778999,0.8559472329767425
1480,Dental caries,0-28 days,0.0,0.0,0.0,
1480,Dental caries,1-59 months,0.0,0.0,0.0,
1480,Dental caries,5-14,0.294308976873919,0.0,0.294308976873919,0.0
1480,Dental caries,15-29,0.0,0.0,0.0,
1480,Dental caries,30-49,0.0,0.0,0.0,
1480,Dental caries,50-59,1.7008574109708,1.7008574109708,0.0,
1480,Dental caries,60-69,4.199014920953242,3.37345176335438,0.825563157598862,4.086243108481262
1480,Dental caries,70+,6.50027918981222,4.4494316979553,2.05084749185692,2.1695575685769812
1490,Periodontal disease,0-28 days,0.0,0.0,0.0,
1490,Periodontal disease,1-59 months,0.0,0.0,0.0,
1490,Periodontal disease,5-14,0.834762873055634,0.34051569915427,0.494247173901364,0.6889583130367601
1490,Periodontal disease,15-29,2.585099121662245,2.06198681864725,0.523112303014995,3.9417670101866125
1490,Periodontal disease,30-49,7.55917524767879,6.11535829479282,1.44381695288597,4.235549584432536
1490,Periodontal disease,50-59,6.75744918708754,4.58508023147432,2.17236895561322,2.1106360499338086
1490,Periodontal disease,60-69,8.96700201855787,3.22554712451696,5.74145489404091,0.5617996107336443
1490,Periodontal disease,70+,42.0951657948674,17.8107959323285,24.2843698625389,0.733426316315642
1500,Edentulism,0-28 days,0.0,0.0,0.0,
1500,Edentulism,1-59 months,0.0,0.0,0.0,
1500,Edentulism,5-14,0.0,0.0,0.0,
1500,Edentulism,15-29,0.0,0.0,0.0,
1500,Edentulism,30-49,0.0,0.0,0.0,
1500,Edentulism,50-59,0.0,0.0,0.0,
1500,Edentulism,60-69,0.0,0.0,0.0,
1500,Edentulism,70+,0.0,0.0,0.0,
1502,Other oral disorders,0-28 days,0.0,0.0,0.0,
1502,Other oral disorders,1-59 months,0.0,0.0,0.0,
1502,Other oral disorders,5-14,11.14492623374096,6.96859151614577,4.17633471759519,1.6685902800813848
1502,Other oral disorders,15-29,39.820973466454596,24.8556769631455,14.9652965033091,1.660887704941192
1502,Other oral disorders,30-49,125.01071773394641,78.264341997317,46.7463757366294,1.6742333659888597
1502,Other oral disorders,50-59,137.0155485753528,91.4649628683653,45.5505857069875,2.0079865373571804
1502,Other oral disorders,60-69,163.4713640540507,100.160655356486,63.3107086975647,1.582049189102487
1502,Other oral disorders,70+,966.44999793547,370.420549555856,596.029448379614,0.6214802818265003
1530,Road injury,0-28 days,862.7156899317081,581.92559259344,280.790097338268,2.0724576760710827
1530,Road injury,1-59 months,40181.7484424853,22961.082037908,17220.6664045773,1.333344569743531
1530,Road injury,5-14,73260.337357622,47136.830812214,26123.506545408,1.804383754159517
1530,Road injury,15-29,250786.2057338101,207232.971649877,43553.2340839331,4.758153464574191
1530,Road injury,30-49,358383.33379525796,291279.382687116,67103.951108142,4.340718808311331
1530,Road injury,50-59,181573.41127251898,133590.497939598,47982.913332921,2.784126445443273
1530,Road injury,60-69,141834.794527933,97861.058978085,43973.735549848,2.225443386931526
1530,Road injury,70+,135876.108767941,87724.812498058,48151.296269883,1.821857754490545
1540,Poisonings,0-28 days,340.526826540452,205.100943016311,135.425883524141,1.5144884986461966
1540,Poisonings,1-59 months,7161.44709193192,3457.18121166245,3704.26588026947,0.9332972641291489
1540,Poisonings,5-14,3851.51403268249,2383.05744580995,1468.45658687254,1.6228313912127905
1540,Poisonings,15-29,6920.45574647752,4634.4461694222,2286.00957705532,2.027308291241708
1540,Poisonings,30-49,13918.89213201921,10082.1612465683,3836.73088545091,2.627799954591654
1540,Poisonings,50-59,8482.26814667165,5826.97866554864,2655.28948112301,2.1944796252814656
1540,Poisonings,60-69,7605.67717062661,4870.57593639625,2735.10123423036,1.7807662383534402
1540,Poisonings,70+,11067.63796834142,5851.40228248934,5216.23568585208,1.1217672350120247
1550,Falls,0-28 days,1684.338700409229,841.630351867261,842.708348541968,0.9987207950691693
1550,Falls,1-59 months,22216.20723806289,12718.4151610176,9497.79207704529,1.3390917655226486
1550,Falls,5-14,16939.25261528978,12361.6715246212,4577.58109066858,2.700481166749951
1550,Falls,15-29,24921.417193264628,20026.1106296115,4895.30656365313,4.090879778255804
1550,Falls,30-49,70090.5506339485,58210.1778579943,11880.3727759542,4.899692876288473
1550,Falls,50-59,68619.85266214,48041.3137574273,20578.5389047127,2.334534729597607
1550,Falls,60-69,100171.2766264223,55330.9191856796,44840.3574407427,1.2339535709277152
1550,Falls,70+,434868.27930341,181324.463441871,253543.815861539,0.7151602685545002
1560,"Fire, heat and hot substances",0-28 days,535.273617770383,313.739094872105,221.534522898278,1.4162085925369048
1560,"Fire, heat and hot substances",1-59 months,21552.4915753764,10124.9893187894,11427.502256587,0.8860194547722088
1560,"Fire, heat and hot substances",5-14,10054.07919768597,4877.55565255778,5176.52354512819,0.9422454297823529
1560,"Fire, heat and hot substances",15-29,16682.62690967061,5928.28754729531,10754.3393623753,0.5512460921621815
1560,"Fire, heat and hot substances",30-49,24106.3870384498,12139.3987426854,11966.9882957644,1.0144071710157871
1560,"Fire, heat and hot substances",50-59,12359.086346935539,6911.37869054289,5447.70765639265,1.2686765014698769
1560,"Fire, heat and hot substances",60-69,13508.77644557128,6800.35106585667,6708.42537971461,1.0137030198502366
1560,"Fire, heat and hot substances",70+,25263.330566181197,11030.5666376543,14232.7639285269,0.7750122669810888
1570,Drowning,0-28 days,673.7856618261769,410.86697383548,262.918687990697,1.5627149860492913
1570,Drowning,1-59 months,72377.0075993616,41898.1402996897,30478.8672996719,1.3746619875253936
1570,Drowning,5-14,57022.439681019096,39927.0265908082,17095.4130902109,2.335540321846393
1570,Drowning,15-29,41513.08333594851,34126.9573751667,7386.12596078181,4.62041367238671
1570,Drowning,30-49,46126.531529687374,37131.9670093801,8994.56452030727,4.128267346967856
1570,Drowning,50-59,23930.8242340092,16896.0108382888,7034.8133957204,2.4017710048382264
1570,Drowning,60-69,21356.24898227827,13510.5501690851,7845.69881319317,1.7220327329371896
1570,Drowning,70+,37228.28080081,19203.4332782294,18024.8475225806,1.0653867254173623
1575,Exposure to mechanical forces,0-28 days,437.4866225217836,359.078404639823,78.4082178819606,4.579601658341431
1575,Exposure to mechanical forces,1-59 months,5817.5048292213905,3291.83025020389,2525.6745790175,1.3033469464163623
1575,Exposure to mechanical forces,5-14,6751.04578585275,5004.3917113995,1746.65407445325,2.865130413969355
1575,Exposure to mechanical forces,15-29,20145.0084710591,17191.6581617151,2953.350309344,5.8210697550246655
1575,Exposure to mechanical forces,30-49,32972.99480092941,27771.3339868602,5201.66081406921,5.338935962865089
1575,Exposure to mechanical forces,50-59,17037.16949504273,13840.2328738801,3196.93662116263,4.329217158157744
1575,Exposure to mechanical forces,60-69,10170.64269656053,7132.72631766776,3037.91637889277,2.347900807022024
1575,Exposure to mechanical forces,70+,11163.25725432604,6424.31020796371,4738.94704636233,1.3556408512509301
1580,Natural disasters,0-28 days,472.283862369347,305.075895903676,167.207966465671,1.8245296701596467
1580,Natural disasters,1-59 months,1429.221452282744,684.014822749108,745.206629533636,0.9178861212992389
1580,Natural disasters,5-14,1461.517902227,503.057786884,958.460115343,0.5248604285468602
1580,Natural disasters,15-29,1488.138520357,345.725764469,1142.412755888,0.3026277172476655
1580,Natural disasters,30-49,973.82170845,333.886178857,639.935529593,0.5217497129271009
1580,Natural disasters,50-59,434.093561453,156.698015019,277.395546434,0.564890161480234
1580,Natural disasters,60-69,803.474655412,290.246747394,513.227908018,0.5655318872172875
1580,Natural disasters,70+,2101.389478174,1068.123921278,1033.265556896,1.0337361137699363
1590,Other unintentional injuries,0-28 days,7543.7391318549,4004.61309308981,3539.12603876509,1.1315259895313428
1590,Other unintentional injuries,1-59 months,68191.9763789399,34690.7833797735,33501.1929991664,1.0355088960753338
1590,Other unintentional injuries,5-14,40649.1582337576,25278.0699432611,15371.0882904965,1.644520509253063
1590,Other unintentional injuries,15-29,68013.25928450719,51400.8724528521,16612.3868316551,3.0941292767699777
1590,Other unintentional injuries,30-49,112399.66003735,84016.9230422767,28382.7369950733,2.960141689536863
1590,Other unintentional injuries,50-59,70216.4623497226,47585.8051159855,22630.6572337371,2.1027142351414354
1590,Other unintentional injuries,60-69,74858.0204927851,44993.6726797979,29864.3478129872,1.5066015491632925
1590,Other unintentional injuries,70+,182629.4638654356,87580.4013184027,95049.0625470329,0.9214230942579313
1610,Self-harm,0-28 days,0.0,0.0,0.0,
1610,Self-harm,1-59 months,0.0,0.0,0.0,
1610,Self-harm,5-14,9887.28241477531,5974.14101273806,3913.14140203725,1.526686720195651
1610,Self-harm,15-29,163430.3621760489,105683.962761473,57746.3994145759,1.8301394343696011
1610,Self-harm,30-49,232635.5181722212,170039.699565663,62595.8186065582,2.716470578241593
1610,Self-harm,50-59,112977.96400193541,77842.9435245851,35135.0204773503,2.215537161128634
1610,Self-harm,60-69,87754.3536620041,58464.9605159365,29289.3931460676,1.9961137543672878
1610,Self-harm,70+,120357.0292709594,75450.4684639672,44906.5608069922,1.6801658178245338
1620,Interpersonal violence,0-28 days,1.6411657480077761,0.93489915032962,0.706266597678156,1.3237199003932667
1620,Interpersonal violence,1-59 months,10457.20963745688,5502.91119239861,4954.29844505827,1.1107346990546283
1620,Interpersonal violence,5-14,12481.9784594467,7521.069826373,4960.9086330737,1.5160669914843936
1620,Interpersonal violence,15-29,192970.53309894528,162511.258236873,30459.2748620723,5.335362019377257
1620,Interpersonal violence,30-49,178065.00029757002,147418.830017655,30646.170279915,4.810350809617177
1620,Interpersonal violence,50-59,45423.277865465,35858.449884724,9564.827980741,3.748990568040096
1620,Interpersonal violence,60-69,26014.852402952,18850.47162332,7164.380779632,2.631137596275035
1620,Interpersonal violence,70+,18712.259636759998,11173.601118259,7538.658518501,1.4821736640328387
1630,Collective violence and legal intervention,0-28 days,32.3237978788015,17.6334212629004,14.6903766159011,1.2003382706889694
1630,Collective violence and legal intervention,1-59 months,2490.00076829987,1428.86999971998,1061.13076857989,1.3465541119236746
1630,Collective violence and legal intervention,5-14,12256.36723462218,6658.453460155,5597.91377446718,1.1894526654778217
1630,Collective violence and legal intervention,15-29,88933.9826195965,77642.7027464566,11291.2798731399,6.876342063857247
1630,Collective violence and legal intervention,30-49,12378.238976542,9471.815086089,2906.423890453,3.2589241773032316
1630,Collective violence and legal intervention,50-59,4113.208927021,3243.622850688,869.586076333,3.7300768020184862
1630,Collective violence and legal intervention,60-69,3934.444686547,3016.827556857,917.61712969,3.2876757192579653
1630,Collective violence and legal intervention,70+,878.6451664030001,304.143045289,574.502121114,0.529402823960415
